file,status,before_kb,after_kb,reduction_pct,width,height,error,output_path
162_12.png,OK,74.1,19.8,73.3,512,512,,C:\Users\administrator\Desktop\sever\txData\Svtesst\resources\[tesst]\uz_AutoShot\shots\male\3\162_12.webp
162_13.png,OK,71.8,17.6,75.4,512,512,,C:\Users\administrator\Desktop\sever\txData\Svtesst\resources\[tesst]\uz_AutoShot\shots\male\3\162_13.webp
162_14.png,OK,72.5,18.9,73.9,512,512,,C:\Users\administrator\Desktop\sever\txData\Svtesst\resources\[tesst]\uz_AutoShot\shots\male\3\162_14.webp
162_15.png,OK,72.3,18.2,74.8,512,512,,C:\Users\administrator\Desktop\sever\txData\Svtesst\resources\[tesst]\uz_AutoShot\shots\male\3\162_15.webp
162_16.png,OK,72.7,18.4,74.8,512,512,,C:\Users\administrator\Desktop\sever\txData\Svtesst\resources\[tesst]\uz_AutoShot\shots\male\3\162_16.webp
162_17.png,OK,72.7,19.2,73.6,512,512,,C:\Users\administrator\Desktop\sever\txData\Svtesst\resources\[tesst]\uz_AutoShot\shots\male\3\162_17.webp
162_18.png,OK,70.7,17.3,75.5,512,512,,C:\Users\administrator\Desktop\sever\txData\Svtesst\resources\[tesst]\uz_AutoShot\shots\male\3\162_18.webp
162_19.png,OK,71.8,18.3,74.5,512,512,,C:\Users\administrator\Desktop\sever\txData\Svtesst\resources\[tesst]\uz_AutoShot\shots\male\3\162_19.webp
162_2.png,OK,73.6,18.9,74.3,512,512,,C:\Users\administrator\Desktop\sever\txData\Svtesst\resources\[tesst]\uz_AutoShot\shots\male\3\162_2.webp
162_3.png,OK,73.5,18.7,74.6,512,512,,C:\Users\administrator\Desktop\sever\txData\Svtesst\resources\[tesst]\uz_AutoShot\shots\male\3\162_3.webp
162_4.png,OK,72.2,18.3,74.7,512,512,,C:\Users\administrator\Desktop\sever\txData\Svtesst\resources\[tesst]\uz_AutoShot\shots\male\3\162_4.webp
162_5.png,OK,72.4,18.4,74.5,512,512,,C:\Users\administrator\Desktop\sever\txData\Svtesst\resources\[tesst]\uz_AutoShot\shots\male\3\162_5.webp
162_6.png,OK,72.9,18.6,74.5,512,512,,C:\Users\administrator\Desktop\sever\txData\Svtesst\resources\[tesst]\uz_AutoShot\shots\male\3\162_6.webp
162_7.png,OK,73.4,18.4,74.9,512,512,,C:\Users\administrator\Desktop\sever\txData\Svtesst\resources\[tesst]\uz_AutoShot\shots\male\3\162_7.webp
162_8.png,OK,72.2,18.5,74.4,512,512,,C:\Users\administrator\Desktop\sever\txData\Svtesst\resources\[tesst]\uz_AutoShot\shots\male\3\162_8.webp
162_9.png,OK,72.5,18.4,74.7,512,512,,C:\Users\administrator\Desktop\sever\txData\Svtesst\resources\[tesst]\uz_AutoShot\shots\male\3\162_9.webp
163.png,OK,93.9,21.6,77.0,512,512,,C:\Users\administrator\Desktop\sever\txData\Svtesst\resources\[tesst]\uz_AutoShot\shots\male\3\163.webp
163_1.png,OK,94.4,22.4,76.3,512,512,,C:\Users\administrator\Desktop\sever\txData\Svtesst\resources\[tesst]\uz_AutoShot\shots\male\3\163_1.webp
163_10.png,OK,92.9,21.3,77.1,512,512,,C:\Users\administrator\Desktop\sever\txData\Svtesst\resources\[tesst]\uz_AutoShot\shots\male\3\163_10.webp
163_11.png,OK,92.0,20.3,77.9,512,512,,C:\Users\administrator\Desktop\sever\txData\Svtesst\resources\[tesst]\uz_AutoShot\shots\male\3\163_11.webp
163_12.png,OK,94.2,22.0,76.6,512,512,,C:\Users\administrator\Desktop\sever\txData\Svtesst\resources\[tesst]\uz_AutoShot\shots\male\3\163_12.webp
163_13.png,OK,91.8,19.9,78.3,512,512,,C:\Users\administrator\Desktop\sever\txData\Svtesst\resources\[tesst]\uz_AutoShot\shots\male\3\163_13.webp
163_14.png,OK,92.6,21.1,77.2,512,512,,C:\Users\administrator\Desktop\sever\txData\Svtesst\resources\[tesst]\uz_AutoShot\shots\male\3\163_14.webp
163_15.png,OK,92.2,20.4,77.8,512,512,,C:\Users\administrator\Desktop\sever\txData\Svtesst\resources\[tesst]\uz_AutoShot\shots\male\3\163_15.webp
163_16.png,OK,92.9,20.5,78.0,512,512,,C:\Users\administrator\Desktop\sever\txData\Svtesst\resources\[tesst]\uz_AutoShot\shots\male\3\163_16.webp
163_17.png,OK,92.8,21.4,76.9,512,512,,C:\Users\administrator\Desktop\sever\txData\Svtesst\resources\[tesst]\uz_AutoShot\shots\male\3\163_17.webp
163_18.png,OK,90.7,19.8,78.1,512,512,,C:\Users\administrator\Desktop\sever\txData\Svtesst\resources\[tesst]\uz_AutoShot\shots\male\3\163_18.webp
163_19.png,OK,91.9,20.6,77.6,512,512,,C:\Users\administrator\Desktop\sever\txData\Svtesst\resources\[tesst]\uz_AutoShot\shots\male\3\163_19.webp
163_2.png,OK,93.8,21.1,77.5,512,512,,C:\Users\administrator\Desktop\sever\txData\Svtesst\resources\[tesst]\uz_AutoShot\shots\male\3\163_2.webp
163_3.png,OK,93.7,20.9,77.7,512,512,,C:\Users\administrator\Desktop\sever\txData\Svtesst\resources\[tesst]\uz_AutoShot\shots\male\3\163_3.webp
163_4.png,OK,92.4,20.6,77.7,512,512,,C:\Users\administrator\Desktop\sever\txData\Svtesst\resources\[tesst]\uz_AutoShot\shots\male\3\163_4.webp
163_5.png,OK,92.6,20.5,77.9,512,512,,C:\Users\administrator\Desktop\sever\txData\Svtesst\resources\[tesst]\uz_AutoShot\shots\male\3\163_5.webp
163_6.png,OK,92.9,20.9,77.6,512,512,,C:\Users\administrator\Desktop\sever\txData\Svtesst\resources\[tesst]\uz_AutoShot\shots\male\3\163_6.webp
163_7.png,OK,93.6,20.8,77.8,512,512,,C:\Users\administrator\Desktop\sever\txData\Svtesst\resources\[tesst]\uz_AutoShot\shots\male\3\163_7.webp
163_8.png,OK,92.3,20.7,77.5,512,512,,C:\Users\administrator\Desktop\sever\txData\Svtesst\resources\[tesst]\uz_AutoShot\shots\male\3\163_8.webp
163_9.png,OK,92.7,20.8,77.6,512,512,,C:\Users\administrator\Desktop\sever\txData\Svtesst\resources\[tesst]\uz_AutoShot\shots\male\3\163_9.webp
164.png,OK,64.5,17.3,73.2,512,512,,C:\Users\administrator\Desktop\sever\txData\Svtesst\resources\[tesst]\uz_AutoShot\shots\male\3\164.webp
164_1.png,OK,64.2,19.1,70.3,512,512,,C:\Users\administrator\Desktop\sever\txData\Svtesst\resources\[tesst]\uz_AutoShot\shots\male\3\164_1.webp
164_10.png,OK,60.9,16.1,73.6,512,512,,C:\Users\administrator\Desktop\sever\txData\Svtesst\resources\[tesst]\uz_AutoShot\shots\male\3\164_10.webp
164_11.png,OK,64.3,17.1,73.4,512,512,,C:\Users\administrator\Desktop\sever\txData\Svtesst\resources\[tesst]\uz_AutoShot\shots\male\3\164_11.webp
164_2.png,OK,64.1,17.4,72.9,512,512,,C:\Users\administrator\Desktop\sever\txData\Svtesst\resources\[tesst]\uz_AutoShot\shots\male\3\164_2.webp
164_3.png,OK,66.8,19.8,70.3,512,512,,C:\Users\administrator\Desktop\sever\txData\Svtesst\resources\[tesst]\uz_AutoShot\shots\male\3\164_3.webp
164_4.png,OK,65.6,20.5,68.8,512,512,,C:\Users\administrator\Desktop\sever\txData\Svtesst\resources\[tesst]\uz_AutoShot\shots\male\3\164_4.webp
164_5.png,OK,7.5,2.8,62.7,512,512,,C:\Users\administrator\Desktop\sever\txData\Svtesst\resources\[tesst]\uz_AutoShot\shots\male\3\164_5.webp
164_6.png,OK,68.0,21.3,68.6,512,512,,C:\Users\administrator\Desktop\sever\txData\Svtesst\resources\[tesst]\uz_AutoShot\shots\male\3\164_6.webp
164_7.png,OK,65.0,17.3,73.4,512,512,,C:\Users\administrator\Desktop\sever\txData\Svtesst\resources\[tesst]\uz_AutoShot\shots\male\3\164_7.webp
164_8.png,OK,64.9,21.1,67.5,512,512,,C:\Users\administrator\Desktop\sever\txData\Svtesst\resources\[tesst]\uz_AutoShot\shots\male\3\164_8.webp
164_9.png,OK,65.1,19.3,70.4,512,512,,C:\Users\administrator\Desktop\sever\txData\Svtesst\resources\[tesst]\uz_AutoShot\shots\male\3\164_9.webp
165.png,OK,21.8,8.2,62.5,512,512,,C:\Users\administrator\Desktop\sever\txData\Svtesst\resources\[tesst]\uz_AutoShot\shots\male\3\165.webp
165_1.png,OK,22.7,7.3,67.7,512,512,,C:\Users\administrator\Desktop\sever\txData\Svtesst\resources\[tesst]\uz_AutoShot\shots\male\3\165_1.webp
165_10.png,OK,22.2,7.5,66.1,512,512,,C:\Users\administrator\Desktop\sever\txData\Svtesst\resources\[tesst]\uz_AutoShot\shots\male\3\165_10.webp
165_11.png,OK,22.6,8.0,64.8,512,512,,C:\Users\administrator\Desktop\sever\txData\Svtesst\resources\[tesst]\uz_AutoShot\shots\male\3\165_11.webp
165_12.png,OK,22.3,7.5,66.4,512,512,,C:\Users\administrator\Desktop\sever\txData\Svtesst\resources\[tesst]\uz_AutoShot\shots\male\3\165_12.webp
165_13.png,OK,23.9,8.6,64.1,512,512,,C:\Users\administrator\Desktop\sever\txData\Svtesst\resources\[tesst]\uz_AutoShot\shots\male\3\165_13.webp
165_14.png,OK,22.0,7.6,65.2,512,512,,C:\Users\administrator\Desktop\sever\txData\Svtesst\resources\[tesst]\uz_AutoShot\shots\male\3\165_14.webp
165_15.png,OK,22.4,6.8,69.7,512,512,,C:\Users\administrator\Desktop\sever\txData\Svtesst\resources\[tesst]\uz_AutoShot\shots\male\3\165_15.webp
165_16.png,OK,20.7,6.0,70.9,512,512,,C:\Users\administrator\Desktop\sever\txData\Svtesst\resources\[tesst]\uz_AutoShot\shots\male\3\165_16.webp
165_17.png,OK,22.8,6.7,70.7,512,512,,C:\Users\administrator\Desktop\sever\txData\Svtesst\resources\[tesst]\uz_AutoShot\shots\male\3\165_17.webp
165_2.png,OK,22.6,7.0,69.0,512,512,,C:\Users\administrator\Desktop\sever\txData\Svtesst\resources\[tesst]\uz_AutoShot\shots\male\3\165_2.webp
165_3.png,OK,22.8,7.4,67.6,512,512,,C:\Users\administrator\Desktop\sever\txData\Svtesst\resources\[tesst]\uz_AutoShot\shots\male\3\165_3.webp
165_4.png,OK,22.9,6.7,70.9,512,512,,C:\Users\administrator\Desktop\sever\txData\Svtesst\resources\[tesst]\uz_AutoShot\shots\male\3\165_4.webp
165_5.png,OK,23.0,7.1,69.2,512,512,,C:\Users\administrator\Desktop\sever\txData\Svtesst\resources\[tesst]\uz_AutoShot\shots\male\3\165_5.webp
165_6.png,OK,22.9,6.7,70.8,512,512,,C:\Users\administrator\Desktop\sever\txData\Svtesst\resources\[tesst]\uz_AutoShot\shots\male\3\165_6.webp
165_7.png,OK,22.5,7.6,66.1,512,512,,C:\Users\administrator\Desktop\sever\txData\Svtesst\resources\[tesst]\uz_AutoShot\shots\male\3\165_7.webp
165_8.png,OK,24.1,9.3,61.6,512,512,,C:\Users\administrator\Desktop\sever\txData\Svtesst\resources\[tesst]\uz_AutoShot\shots\male\3\165_8.webp
165_9.png,OK,23.0,7.1,69.2,512,512,,C:\Users\administrator\Desktop\sever\txData\Svtesst\resources\[tesst]\uz_AutoShot\shots\male\3\165_9.webp
166.png,OK,25.1,6.9,72.6,512,512,,C:\Users\administrator\Desktop\sever\txData\Svtesst\resources\[tesst]\uz_AutoShot\shots\male\3\166.webp
166_1.png,OK,25.5,7.3,71.2,512,512,,C:\Users\administrator\Desktop\sever\txData\Svtesst\resources\[tesst]\uz_AutoShot\shots\male\3\166_1.webp
166_10.png,OK,26.3,8.6,67.3,512,512,,C:\Users\administrator\Desktop\sever\txData\Svtesst\resources\[tesst]\uz_AutoShot\shots\male\3\166_10.webp
166_11.png,OK,26.1,8.8,66.3,512,512,,C:\Users\administrator\Desktop\sever\txData\Svtesst\resources\[tesst]\uz_AutoShot\shots\male\3\166_11.webp
166_2.png,OK,25.1,6.7,73.2,512,512,,C:\Users\administrator\Desktop\sever\txData\Svtesst\resources\[tesst]\uz_AutoShot\shots\male\3\166_2.webp
166_3.png,OK,25.3,7.3,71.2,512,512,,C:\Users\administrator\Desktop\sever\txData\Svtesst\resources\[tesst]\uz_AutoShot\shots\male\3\166_3.webp
166_4.png,OK,25.1,7.8,68.8,512,512,,C:\Users\administrator\Desktop\sever\txData\Svtesst\resources\[tesst]\uz_AutoShot\shots\male\3\166_4.webp
166_5.png,OK,25.2,7.7,69.4,512,512,,C:\Users\administrator\Desktop\sever\txData\Svtesst\resources\[tesst]\uz_AutoShot\shots\male\3\166_5.webp
166_6.png,OK,25.3,6.9,72.6,512,512,,C:\Users\administrator\Desktop\sever\txData\Svtesst\resources\[tesst]\uz_AutoShot\shots\male\3\166_6.webp
166_7.png,OK,25.0,6.9,72.6,512,512,,C:\Users\administrator\Desktop\sever\txData\Svtesst\resources\[tesst]\uz_AutoShot\shots\male\3\166_7.webp
166_8.png,OK,25.3,7.1,72.0,512,512,,C:\Users\administrator\Desktop\sever\txData\Svtesst\resources\[tesst]\uz_AutoShot\shots\male\3\166_8.webp
166_9.png,OK,25.2,7.7,69.4,512,512,,C:\Users\administrator\Desktop\sever\txData\Svtesst\resources\[tesst]\uz_AutoShot\shots\male\3\166_9.webp
167.png,OK,41.8,10.3,75.3,512,512,,C:\Users\administrator\Desktop\sever\txData\Svtesst\resources\[tesst]\uz_AutoShot\shots\male\3\167.webp
168.png,OK,42.6,13.1,69.3,512,512,,C:\Users\administrator\Desktop\sever\txData\Svtesst\resources\[tesst]\uz_AutoShot\shots\male\3\168.webp
169.png,OK,67.6,17.5,74.1,512,512,,C:\Users\administrator\Desktop\sever\txData\Svtesst\resources\[tesst]\uz_AutoShot\shots\male\3\169.webp
170.png,OK,123.8,19.8,84.0,512,512,,C:\Users\administrator\Desktop\sever\txData\Svtesst\resources\[tesst]\uz_AutoShot\shots\male\3\170.webp
170_1.png,OK,125.4,19.9,84.2,512,512,,C:\Users\administrator\Desktop\sever\txData\Svtesst\resources\[tesst]\uz_AutoShot\shots\male\3\170_1.webp
170_2.png,OK,125.7,20.2,83.9,512,512,,C:\Users\administrator\Desktop\sever\txData\Svtesst\resources\[tesst]\uz_AutoShot\shots\male\3\170_2.webp
170_3.png,OK,125.9,20.2,84.0,512,512,,C:\Users\administrator\Desktop\sever\txData\Svtesst\resources\[tesst]\uz_AutoShot\shots\male\3\170_3.webp
170_4.png,OK,125.8,21.9,82.6,512,512,,C:\Users\administrator\Desktop\sever\txData\Svtesst\resources\[tesst]\uz_AutoShot\shots\male\3\170_4.webp
170_5.png,OK,124.4,19.6,84.2,512,512,,C:\Users\administrator\Desktop\sever\txData\Svtesst\resources\[tesst]\uz_AutoShot\shots\male\3\170_5.webp
170_6.png,OK,125.2,20.4,83.7,512,512,,C:\Users\administrator\Desktop\sever\txData\Svtesst\resources\[tesst]\uz_AutoShot\shots\male\3\170_6.webp
170_7.png,OK,125.9,20.9,83.4,512,512,,C:\Users\administrator\Desktop\sever\txData\Svtesst\resources\[tesst]\uz_AutoShot\shots\male\3\170_7.webp
171.png,OK,53.6,13.5,74.9,512,512,,C:\Users\administrator\Desktop\sever\txData\Svtesst\resources\[tesst]\uz_AutoShot\shots\male\3\171.webp
171_1.png,OK,55.1,14.1,74.4,512,512,,C:\Users\administrator\Desktop\sever\txData\Svtesst\resources\[tesst]\uz_AutoShot\shots\male\3\171_1.webp
171_2.png,OK,55.1,14.0,74.6,512,512,,C:\Users\administrator\Desktop\sever\txData\Svtesst\resources\[tesst]\uz_AutoShot\shots\male\3\171_2.webp
171_3.png,OK,54.8,13.8,74.8,512,512,,C:\Users\administrator\Desktop\sever\txData\Svtesst\resources\[tesst]\uz_AutoShot\shots\male\3\171_3.webp
171_4.png,OK,55.6,16.2,70.8,512,512,,C:\Users\administrator\Desktop\sever\txData\Svtesst\resources\[tesst]\uz_AutoShot\shots\male\3\171_4.webp
171_5.png,OK,54.2,14.0,74.2,512,512,,C:\Users\administrator\Desktop\sever\txData\Svtesst\resources\[tesst]\uz_AutoShot\shots\male\3\171_5.webp
171_6.png,OK,55.0,14.5,73.6,512,512,,C:\Users\administrator\Desktop\sever\txData\Svtesst\resources\[tesst]\uz_AutoShot\shots\male\3\171_6.webp
171_7.png,OK,54.8,14.9,72.8,512,512,,C:\Users\administrator\Desktop\sever\txData\Svtesst\resources\[tesst]\uz_AutoShot\shots\male\3\171_7.webp
172.png,OK,23.8,7.7,67.6,512,512,,C:\Users\administrator\Desktop\sever\txData\Svtesst\resources\[tesst]\uz_AutoShot\shots\male\3\172.webp
172_1.png,OK,25.1,8.3,67.0,512,512,,C:\Users\administrator\Desktop\sever\txData\Svtesst\resources\[tesst]\uz_AutoShot\shots\male\3\172_1.webp
172_2.png,OK,21.5,6.5,69.7,512,512,,C:\Users\administrator\Desktop\sever\txData\Svtesst\resources\[tesst]\uz_AutoShot\shots\male\3\172_2.webp
172_3.png,OK,24.2,7.9,67.2,512,512,,C:\Users\administrator\Desktop\sever\txData\Svtesst\resources\[tesst]\uz_AutoShot\shots\male\3\172_3.webp
172_4.png,OK,25.7,10.4,59.5,512,512,,C:\Users\administrator\Desktop\sever\txData\Svtesst\resources\[tesst]\uz_AutoShot\shots\male\3\172_4.webp
172_5.png,OK,24.3,8.3,65.6,512,512,,C:\Users\administrator\Desktop\sever\txData\Svtesst\resources\[tesst]\uz_AutoShot\shots\male\3\172_5.webp
172_6.png,OK,25.1,8.5,66.0,512,512,,C:\Users\administrator\Desktop\sever\txData\Svtesst\resources\[tesst]\uz_AutoShot\shots\male\3\172_6.webp
172_7.png,OK,23.8,9.1,61.8,512,512,,C:\Users\administrator\Desktop\sever\txData\Svtesst\resources\[tesst]\uz_AutoShot\shots\male\3\172_7.webp
173.png,OK,69.5,17.6,74.6,512,512,,C:\Users\administrator\Desktop\sever\txData\Svtesst\resources\[tesst]\uz_AutoShot\shots\male\3\173.webp
173_1.png,OK,70.6,17.8,74.8,512,512,,C:\Users\administrator\Desktop\sever\txData\Svtesst\resources\[tesst]\uz_AutoShot\shots\male\3\173_1.webp
173_2.png,OK,70.7,17.8,74.8,512,512,,C:\Users\administrator\Desktop\sever\txData\Svtesst\resources\[tesst]\uz_AutoShot\shots\male\3\173_2.webp
173_3.png,OK,70.4,17.7,74.9,512,512,,C:\Users\administrator\Desktop\sever\txData\Svtesst\resources\[tesst]\uz_AutoShot\shots\male\3\173_3.webp
173_4.png,OK,71.2,19.9,72.0,512,512,,C:\Users\administrator\Desktop\sever\txData\Svtesst\resources\[tesst]\uz_AutoShot\shots\male\3\173_4.webp
173_5.png,OK,69.7,17.6,74.8,512,512,,C:\Users\administrator\Desktop\sever\txData\Svtesst\resources\[tesst]\uz_AutoShot\shots\male\3\173_5.webp
173_6.png,OK,70.5,18.0,74.5,512,512,,C:\Users\administrator\Desktop\sever\txData\Svtesst\resources\[tesst]\uz_AutoShot\shots\male\3\173_6.webp
173_7.png,OK,70.5,18.6,73.6,512,512,,C:\Users\administrator\Desktop\sever\txData\Svtesst\resources\[tesst]\uz_AutoShot\shots\male\3\173_7.webp
174.png,OK,20.5,6.4,68.9,512,512,,C:\Users\administrator\Desktop\sever\txData\Svtesst\resources\[tesst]\uz_AutoShot\shots\male\3\174.webp
174_1.png,OK,21.9,7.0,68.1,512,512,,C:\Users\administrator\Desktop\sever\txData\Svtesst\resources\[tesst]\uz_AutoShot\shots\male\3\174_1.webp
174_2.png,OK,21.4,6.7,68.7,512,512,,C:\Users\administrator\Desktop\sever\txData\Svtesst\resources\[tesst]\uz_AutoShot\shots\male\3\174_2.webp
174_3.png,OK,20.7,6.5,68.4,512,512,,C:\Users\administrator\Desktop\sever\txData\Svtesst\resources\[tesst]\uz_AutoShot\shots\male\3\174_3.webp
174_4.png,OK,22.4,9.1,59.5,512,512,,C:\Users\administrator\Desktop\sever\txData\Svtesst\resources\[tesst]\uz_AutoShot\shots\male\3\174_4.webp
174_5.png,OK,21.2,7.1,66.6,512,512,,C:\Users\administrator\Desktop\sever\txData\Svtesst\resources\[tesst]\uz_AutoShot\shots\male\3\174_5.webp
174_6.png,OK,21.9,7.2,67.1,512,512,,C:\Users\administrator\Desktop\sever\txData\Svtesst\resources\[tesst]\uz_AutoShot\shots\male\3\174_6.webp
174_7.png,OK,20.0,7.8,60.9,512,512,,C:\Users\administrator\Desktop\sever\txData\Svtesst\resources\[tesst]\uz_AutoShot\shots\male\3\174_7.webp
175.png,OK,81.4,18.6,77.1,512,512,,C:\Users\administrator\Desktop\sever\txData\Svtesst\resources\[tesst]\uz_AutoShot\shots\male\3\175.webp
175_1.png,OK,82.6,18.7,77.3,512,512,,C:\Users\administrator\Desktop\sever\txData\Svtesst\resources\[tesst]\uz_AutoShot\shots\male\3\175_1.webp
175_2.png,OK,83.1,19.0,77.2,512,512,,C:\Users\administrator\Desktop\sever\txData\Svtesst\resources\[tesst]\uz_AutoShot\shots\male\3\175_2.webp
175_3.png,OK,82.9,18.8,77.3,512,512,,C:\Users\administrator\Desktop\sever\txData\Svtesst\resources\[tesst]\uz_AutoShot\shots\male\3\175_3.webp
175_4.png,OK,83.2,20.9,74.9,512,512,,C:\Users\administrator\Desktop\sever\txData\Svtesst\resources\[tesst]\uz_AutoShot\shots\male\3\175_4.webp
175_5.png,OK,81.9,18.6,77.3,512,512,,C:\Users\administrator\Desktop\sever\txData\Svtesst\resources\[tesst]\uz_AutoShot\shots\male\3\175_5.webp
175_6.png,OK,82.7,19.2,76.7,512,512,,C:\Users\administrator\Desktop\sever\txData\Svtesst\resources\[tesst]\uz_AutoShot\shots\male\3\175_6.webp
175_7.png,OK,82.9,19.7,76.3,512,512,,C:\Users\administrator\Desktop\sever\txData\Svtesst\resources\[tesst]\uz_AutoShot\shots\male\3\175_7.webp
176.png,OK,29.4,8.5,71.0,512,512,,C:\Users\administrator\Desktop\sever\txData\Svtesst\resources\[tesst]\uz_AutoShot\shots\male\3\176.webp
176_1.png,OK,30.8,9.2,70.1,512,512,,C:\Users\administrator\Desktop\sever\txData\Svtesst\resources\[tesst]\uz_AutoShot\shots\male\3\176_1.webp
176_2.png,OK,30.7,9.1,70.4,512,512,,C:\Users\administrator\Desktop\sever\txData\Svtesst\resources\[tesst]\uz_AutoShot\shots\male\3\176_2.webp
176_3.png,OK,30.3,8.9,70.5,512,512,,C:\Users\administrator\Desktop\sever\txData\Svtesst\resources\[tesst]\uz_AutoShot\shots\male\3\176_3.webp
176_4.png,OK,31.3,11.2,64.2,512,512,,C:\Users\administrator\Desktop\sever\txData\Svtesst\resources\[tesst]\uz_AutoShot\shots\male\3\176_4.webp
176_5.png,OK,29.8,9.1,69.4,512,512,,C:\Users\administrator\Desktop\sever\txData\Svtesst\resources\[tesst]\uz_AutoShot\shots\male\3\176_5.webp
176_6.png,OK,30.8,9.4,69.5,512,512,,C:\Users\administrator\Desktop\sever\txData\Svtesst\resources\[tesst]\uz_AutoShot\shots\male\3\176_6.webp
176_7.png,OK,30.2,10.0,66.8,512,512,,C:\Users\administrator\Desktop\sever\txData\Svtesst\resources\[tesst]\uz_AutoShot\shots\male\3\176_7.webp
177.png,OK,35.7,9.9,72.4,512,512,,C:\Users\administrator\Desktop\sever\txData\Svtesst\resources\[tesst]\uz_AutoShot\shots\male\3\177.webp
177_1.png,OK,36.8,10.2,72.3,512,512,,C:\Users\administrator\Desktop\sever\txData\Svtesst\resources\[tesst]\uz_AutoShot\shots\male\3\177_1.webp
177_2.png,OK,36.7,10.0,72.8,512,512,,C:\Users\administrator\Desktop\sever\txData\Svtesst\resources\[tesst]\uz_AutoShot\shots\male\3\177_2.webp
177_3.png,OK,36.2,9.9,72.7,512,512,,C:\Users\administrator\Desktop\sever\txData\Svtesst\resources\[tesst]\uz_AutoShot\shots\male\3\177_3.webp
177_4.png,OK,37.4,12.3,67.0,512,512,,C:\Users\administrator\Desktop\sever\txData\Svtesst\resources\[tesst]\uz_AutoShot\shots\male\3\177_4.webp
177_5.png,OK,36.0,10.2,71.8,512,512,,C:\Users\administrator\Desktop\sever\txData\Svtesst\resources\[tesst]\uz_AutoShot\shots\male\3\177_5.webp
177_6.png,OK,36.7,10.4,71.6,512,512,,C:\Users\administrator\Desktop\sever\txData\Svtesst\resources\[tesst]\uz_AutoShot\shots\male\3\177_6.webp
177_7.png,OK,36.2,11.1,69.4,512,512,,C:\Users\administrator\Desktop\sever\txData\Svtesst\resources\[tesst]\uz_AutoShot\shots\male\3\177_7.webp
178.png,OK,44.7,12.0,73.3,512,512,,C:\Users\administrator\Desktop\sever\txData\Svtesst\resources\[tesst]\uz_AutoShot\shots\male\3\178.webp
178_1.png,OK,45.8,12.2,73.5,512,512,,C:\Users\administrator\Desktop\sever\txData\Svtesst\resources\[tesst]\uz_AutoShot\shots\male\3\178_1.webp
178_2.png,OK,45.8,12.0,73.9,512,512,,C:\Users\administrator\Desktop\sever\txData\Svtesst\resources\[tesst]\uz_AutoShot\shots\male\3\178_2.webp
178_3.png,OK,45.4,11.8,74.0,512,512,,C:\Users\administrator\Desktop\sever\txData\Svtesst\resources\[tesst]\uz_AutoShot\shots\male\3\178_3.webp
178_4.png,OK,46.3,14.2,69.2,512,512,,C:\Users\administrator\Desktop\sever\txData\Svtesst\resources\[tesst]\uz_AutoShot\shots\male\3\178_4.webp
178_5.png,OK,44.9,12.1,73.2,512,512,,C:\Users\administrator\Desktop\sever\txData\Svtesst\resources\[tesst]\uz_AutoShot\shots\male\3\178_5.webp
178_6.png,OK,45.8,12.4,72.9,512,512,,C:\Users\administrator\Desktop\sever\txData\Svtesst\resources\[tesst]\uz_AutoShot\shots\male\3\178_6.webp
178_7.png,OK,45.4,12.9,71.6,512,512,,C:\Users\administrator\Desktop\sever\txData\Svtesst\resources\[tesst]\uz_AutoShot\shots\male\3\178_7.webp
179.png,OK,25.8,8.0,68.9,512,512,,C:\Users\administrator\Desktop\sever\txData\Svtesst\resources\[tesst]\uz_AutoShot\shots\male\3\179.webp
179_1.png,OK,27.1,8.6,68.2,512,512,,C:\Users\administrator\Desktop\sever\txData\Svtesst\resources\[tesst]\uz_AutoShot\shots\male\3\179_1.webp
179_2.png,OK,26.9,8.5,68.5,512,512,,C:\Users\administrator\Desktop\sever\txData\Svtesst\resources\[tesst]\uz_AutoShot\shots\male\3\179_2.webp
179_3.png,OK,26.3,8.3,68.5,512,512,,C:\Users\administrator\Desktop\sever\txData\Svtesst\resources\[tesst]\uz_AutoShot\shots\male\3\179_3.webp
179_4.png,OK,27.7,10.6,61.6,512,512,,C:\Users\administrator\Desktop\sever\txData\Svtesst\resources\[tesst]\uz_AutoShot\shots\male\3\179_4.webp
179_5.png,OK,26.2,8.6,67.1,512,512,,C:\Users\administrator\Desktop\sever\txData\Svtesst\resources\[tesst]\uz_AutoShot\shots\male\3\179_5.webp
179_6.png,OK,27.1,8.7,67.7,512,512,,C:\Users\administrator\Desktop\sever\txData\Svtesst\resources\[tesst]\uz_AutoShot\shots\male\3\179_6.webp
179_7.png,OK,26.1,9.4,63.9,512,512,,C:\Users\administrator\Desktop\sever\txData\Svtesst\resources\[tesst]\uz_AutoShot\shots\male\3\179_7.webp
180.png,OK,80.5,13.4,83.3,512,512,,C:\Users\administrator\Desktop\sever\txData\Svtesst\resources\[tesst]\uz_AutoShot\shots\male\3\180.webp
180_1.png,OK,82.0,13.7,83.2,512,512,,C:\Users\administrator\Desktop\sever\txData\Svtesst\resources\[tesst]\uz_AutoShot\shots\male\3\180_1.webp
180_2.png,OK,82.4,13.8,83.3,512,512,,C:\Users\administrator\Desktop\sever\txData\Svtesst\resources\[tesst]\uz_AutoShot\shots\male\3\180_2.webp
180_3.png,OK,82.3,13.7,83.4,512,512,,C:\Users\administrator\Desktop\sever\txData\Svtesst\resources\[tesst]\uz_AutoShot\shots\male\3\180_3.webp
180_4.png,OK,82.6,15.7,81.0,512,512,,C:\Users\administrator\Desktop\sever\txData\Svtesst\resources\[tesst]\uz_AutoShot\shots\male\3\180_4.webp
180_5.png,OK,81.0,13.5,83.4,512,512,,C:\Users\administrator\Desktop\sever\txData\Svtesst\resources\[tesst]\uz_AutoShot\shots\male\3\180_5.webp
180_6.png,OK,82.1,14.2,82.7,512,512,,C:\Users\administrator\Desktop\sever\txData\Svtesst\resources\[tesst]\uz_AutoShot\shots\male\3\180_6.webp
180_7.png,OK,82.1,14.9,81.8,512,512,,C:\Users\administrator\Desktop\sever\txData\Svtesst\resources\[tesst]\uz_AutoShot\shots\male\3\180_7.webp
181.png,OK,119.4,22.0,81.6,512,512,,C:\Users\administrator\Desktop\sever\txData\Svtesst\resources\[tesst]\uz_AutoShot\shots\male\3\181.webp
181_1.png,OK,120.7,22.5,81.4,512,512,,C:\Users\administrator\Desktop\sever\txData\Svtesst\resources\[tesst]\uz_AutoShot\shots\male\3\181_1.webp
181_2.png,OK,121.2,22.5,81.4,512,512,,C:\Users\administrator\Desktop\sever\txData\Svtesst\resources\[tesst]\uz_AutoShot\shots\male\3\181_2.webp
181_3.png,OK,121.1,22.4,81.5,512,512,,C:\Users\administrator\Desktop\sever\txData\Svtesst\resources\[tesst]\uz_AutoShot\shots\male\3\181_3.webp
181_4.png,OK,121.2,24.3,80.0,512,512,,C:\Users\administrator\Desktop\sever\txData\Svtesst\resources\[tesst]\uz_AutoShot\shots\male\3\181_4.webp
181_5.png,OK,119.7,21.9,81.7,512,512,,C:\Users\administrator\Desktop\sever\txData\Svtesst\resources\[tesst]\uz_AutoShot\shots\male\3\181_5.webp
181_6.png,OK,120.7,22.6,81.3,512,512,,C:\Users\administrator\Desktop\sever\txData\Svtesst\resources\[tesst]\uz_AutoShot\shots\male\3\181_6.webp
181_7.png,OK,121.0,23.2,80.8,512,512,,C:\Users\administrator\Desktop\sever\txData\Svtesst\resources\[tesst]\uz_AutoShot\shots\male\3\181_7.webp
182.png,OK,70.9,17.6,75.2,512,512,,C:\Users\administrator\Desktop\sever\txData\Svtesst\resources\[tesst]\uz_AutoShot\shots\male\3\182.webp
182_1.png,OK,72.3,18.0,75.1,512,512,,C:\Users\administrator\Desktop\sever\txData\Svtesst\resources\[tesst]\uz_AutoShot\shots\male\3\182_1.webp
182_2.png,OK,72.5,18.1,75.0,512,512,,C:\Users\administrator\Desktop\sever\txData\Svtesst\resources\[tesst]\uz_AutoShot\shots\male\3\182_2.webp
182_3.png,OK,72.2,18.0,75.1,512,512,,C:\Users\administrator\Desktop\sever\txData\Svtesst\resources\[tesst]\uz_AutoShot\shots\male\3\182_3.webp
182_4.png,OK,72.8,20.3,72.2,512,512,,C:\Users\administrator\Desktop\sever\txData\Svtesst\resources\[tesst]\uz_AutoShot\shots\male\3\182_4.webp
182_5.png,OK,71.4,17.9,75.0,512,512,,C:\Users\administrator\Desktop\sever\txData\Svtesst\resources\[tesst]\uz_AutoShot\shots\male\3\182_5.webp
182_6.png,OK,72.3,18.5,74.4,512,512,,C:\Users\administrator\Desktop\sever\txData\Svtesst\resources\[tesst]\uz_AutoShot\shots\male\3\182_6.webp
182_7.png,OK,72.2,18.8,73.9,512,512,,C:\Users\administrator\Desktop\sever\txData\Svtesst\resources\[tesst]\uz_AutoShot\shots\male\3\182_7.webp
183.png,OK,91.0,19.9,78.1,512,512,,C:\Users\administrator\Desktop\sever\txData\Svtesst\resources\[tesst]\uz_AutoShot\shots\male\3\183.webp
183_1.png,OK,92.3,20.3,78.0,512,512,,C:\Users\administrator\Desktop\sever\txData\Svtesst\resources\[tesst]\uz_AutoShot\shots\male\3\183_1.webp
183_2.png,OK,92.6,20.4,77.9,512,512,,C:\Users\administrator\Desktop\sever\txData\Svtesst\resources\[tesst]\uz_AutoShot\shots\male\3\183_2.webp
183_3.png,OK,92.5,20.4,78.0,512,512,,C:\Users\administrator\Desktop\sever\txData\Svtesst\resources\[tesst]\uz_AutoShot\shots\male\3\183_3.webp
183_4.png,OK,92.8,22.3,75.9,512,512,,C:\Users\administrator\Desktop\sever\txData\Svtesst\resources\[tesst]\uz_AutoShot\shots\male\3\183_4.webp
183_5.png,OK,91.4,20.0,78.1,512,512,,C:\Users\administrator\Desktop\sever\txData\Svtesst\resources\[tesst]\uz_AutoShot\shots\male\3\183_5.webp
183_6.png,OK,92.2,20.6,77.6,512,512,,C:\Users\administrator\Desktop\sever\txData\Svtesst\resources\[tesst]\uz_AutoShot\shots\male\3\183_6.webp
183_7.png,OK,92.4,21.2,77.1,512,512,,C:\Users\administrator\Desktop\sever\txData\Svtesst\resources\[tesst]\uz_AutoShot\shots\male\3\183_7.webp
184.png,OK,91.8,16.8,81.7,512,512,,C:\Users\administrator\Desktop\sever\txData\Svtesst\resources\[tesst]\uz_AutoShot\shots\male\3\184.webp
185.png,OK,91.0,16.7,81.6,512,512,,C:\Users\administrator\Desktop\sever\txData\Svtesst\resources\[tesst]\uz_AutoShot\shots\male\3\185.webp
185_1.png,OK,91.1,16.7,81.7,512,512,,C:\Users\administrator\Desktop\sever\txData\Svtesst\resources\[tesst]\uz_AutoShot\shots\male\3\185_1.webp
186.png,OK,91.2,16.6,81.8,512,512,,C:\Users\administrator\Desktop\sever\txData\Svtesst\resources\[tesst]\uz_AutoShot\shots\male\3\186.webp
186_1.png,OK,91.3,16.7,81.7,512,512,,C:\Users\administrator\Desktop\sever\txData\Svtesst\resources\[tesst]\uz_AutoShot\shots\male\3\186_1.webp
187.png,OK,91.1,16.8,81.6,512,512,,C:\Users\administrator\Desktop\sever\txData\Svtesst\resources\[tesst]\uz_AutoShot\shots\male\3\187.webp
187_1.png,OK,92.5,17.0,81.6,512,512,,C:\Users\administrator\Desktop\sever\txData\Svtesst\resources\[tesst]\uz_AutoShot\shots\male\3\187_1.webp
188.png,OK,91.9,17.4,81.0,512,512,,C:\Users\administrator\Desktop\sever\txData\Svtesst\resources\[tesst]\uz_AutoShot\shots\male\3\188.webp
188_1.png,OK,92.6,17.4,81.2,512,512,,C:\Users\administrator\Desktop\sever\txData\Svtesst\resources\[tesst]\uz_AutoShot\shots\male\3\188_1.webp
189.png,OK,92.9,17.7,81.0,512,512,,C:\Users\administrator\Desktop\sever\txData\Svtesst\resources\[tesst]\uz_AutoShot\shots\male\3\189.webp
190.png,OK,92.6,17.1,81.5,512,512,,C:\Users\administrator\Desktop\sever\txData\Svtesst\resources\[tesst]\uz_AutoShot\shots\male\3\190.webp
191.png,OK,92.7,17.6,81.0,512,512,,C:\Users\administrator\Desktop\sever\txData\Svtesst\resources\[tesst]\uz_AutoShot\shots\male\3\191.webp
191_1.png,OK,92.6,17.1,81.5,512,512,,C:\Users\administrator\Desktop\sever\txData\Svtesst\resources\[tesst]\uz_AutoShot\shots\male\3\191_1.webp
192.png,OK,94.6,18.3,80.7,512,512,,C:\Users\administrator\Desktop\sever\txData\Svtesst\resources\[tesst]\uz_AutoShot\shots\male\3\192.webp
192_1.png,OK,95.1,19.2,79.9,512,512,,C:\Users\administrator\Desktop\sever\txData\Svtesst\resources\[tesst]\uz_AutoShot\shots\male\3\192_1.webp
192_10.png,OK,94.0,18.6,80.2,512,512,,C:\Users\administrator\Desktop\sever\txData\Svtesst\resources\[tesst]\uz_AutoShot\shots\male\3\192_10.webp
192_11.png,OK,93.2,17.3,81.4,512,512,,C:\Users\administrator\Desktop\sever\txData\Svtesst\resources\[tesst]\uz_AutoShot\shots\male\3\192_11.webp
192_12.png,OK,94.8,19.0,80.0,512,512,,C:\Users\administrator\Desktop\sever\txData\Svtesst\resources\[tesst]\uz_AutoShot\shots\male\3\192_12.webp
192_13.png,OK,92.1,16.5,82.1,512,512,,C:\Users\administrator\Desktop\sever\txData\Svtesst\resources\[tesst]\uz_AutoShot\shots\male\3\192_13.webp
192_14.png,OK,94.3,18.7,80.2,512,512,,C:\Users\administrator\Desktop\sever\txData\Svtesst\resources\[tesst]\uz_AutoShot\shots\male\3\192_14.webp
192_15.png,OK,93.1,17.5,81.2,512,512,,C:\Users\administrator\Desktop\sever\txData\Svtesst\resources\[tesst]\uz_AutoShot\shots\male\3\192_15.webp
192_16.png,OK,93.5,17.5,81.3,512,512,,C:\Users\administrator\Desktop\sever\txData\Svtesst\resources\[tesst]\uz_AutoShot\shots\male\3\192_16.webp
192_17.png,OK,93.4,18.3,80.4,512,512,,C:\Users\administrator\Desktop\sever\txData\Svtesst\resources\[tesst]\uz_AutoShot\shots\male\3\192_17.webp
192_18.png,OK,91.4,16.3,82.2,512,512,,C:\Users\administrator\Desktop\sever\txData\Svtesst\resources\[tesst]\uz_AutoShot\shots\male\3\192_18.webp
192_19.png,OK,93.0,17.4,81.3,512,512,,C:\Users\administrator\Desktop\sever\txData\Svtesst\resources\[tesst]\uz_AutoShot\shots\male\3\192_19.webp
192_2.png,OK,94.5,17.9,81.0,512,512,,C:\Users\administrator\Desktop\sever\txData\Svtesst\resources\[tesst]\uz_AutoShot\shots\male\3\192_2.webp
192_3.png,OK,94.7,17.9,81.1,512,512,,C:\Users\administrator\Desktop\sever\txData\Svtesst\resources\[tesst]\uz_AutoShot\shots\male\3\192_3.webp
192_4.png,OK,93.3,17.4,81.4,512,512,,C:\Users\administrator\Desktop\sever\txData\Svtesst\resources\[tesst]\uz_AutoShot\shots\male\3\192_4.webp
192_5.png,OK,94.0,17.6,81.3,512,512,,C:\Users\administrator\Desktop\sever\txData\Svtesst\resources\[tesst]\uz_AutoShot\shots\male\3\192_5.webp
192_6.png,OK,93.9,17.6,81.2,512,512,,C:\Users\administrator\Desktop\sever\txData\Svtesst\resources\[tesst]\uz_AutoShot\shots\male\3\192_6.webp
192_7.png,OK,94.2,17.3,81.6,512,512,,C:\Users\administrator\Desktop\sever\txData\Svtesst\resources\[tesst]\uz_AutoShot\shots\male\3\192_7.webp
192_8.png,OK,93.5,17.6,81.2,512,512,,C:\Users\administrator\Desktop\sever\txData\Svtesst\resources\[tesst]\uz_AutoShot\shots\male\3\192_8.webp
192_9.png,OK,93.7,17.6,81.2,512,512,,C:\Users\administrator\Desktop\sever\txData\Svtesst\resources\[tesst]\uz_AutoShot\shots\male\3\192_9.webp
193.png,OK,94.5,18.4,80.5,512,512,,C:\Users\administrator\Desktop\sever\txData\Svtesst\resources\[tesst]\uz_AutoShot\shots\male\3\193.webp
193_1.png,OK,95.1,19.2,79.8,512,512,,C:\Users\administrator\Desktop\sever\txData\Svtesst\resources\[tesst]\uz_AutoShot\shots\male\3\193_1.webp
193_10.png,OK,93.6,18.0,80.7,512,512,,C:\Users\administrator\Desktop\sever\txData\Svtesst\resources\[tesst]\uz_AutoShot\shots\male\3\193_10.webp
193_11.png,OK,92.4,16.9,81.7,512,512,,C:\Users\administrator\Desktop\sever\txData\Svtesst\resources\[tesst]\uz_AutoShot\shots\male\3\193_11.webp
193_12.png,OK,94.9,18.7,80.3,512,512,,C:\Users\administrator\Desktop\sever\txData\Svtesst\resources\[tesst]\uz_AutoShot\shots\male\3\193_12.webp
193_13.png,OK,92.3,16.4,82.2,512,512,,C:\Users\administrator\Desktop\sever\txData\Svtesst\resources\[tesst]\uz_AutoShot\shots\male\3\193_13.webp
193_14.png,OK,93.3,17.9,80.9,512,512,,C:\Users\administrator\Desktop\sever\txData\Svtesst\resources\[tesst]\uz_AutoShot\shots\male\3\193_14.webp
193_15.png,OK,93.0,17.1,81.6,512,512,,C:\Users\administrator\Desktop\sever\txData\Svtesst\resources\[tesst]\uz_AutoShot\shots\male\3\193_15.webp
193_16.png,OK,93.5,17.3,81.5,512,512,,C:\Users\administrator\Desktop\sever\txData\Svtesst\resources\[tesst]\uz_AutoShot\shots\male\3\193_16.webp
193_17.png,OK,93.4,18.2,80.5,512,512,,C:\Users\administrator\Desktop\sever\txData\Svtesst\resources\[tesst]\uz_AutoShot\shots\male\3\193_17.webp
193_18.png,OK,91.2,16.1,82.3,512,512,,C:\Users\administrator\Desktop\sever\txData\Svtesst\resources\[tesst]\uz_AutoShot\shots\male\3\193_18.webp
193_19.png,OK,92.7,17.3,81.4,512,512,,C:\Users\administrator\Desktop\sever\txData\Svtesst\resources\[tesst]\uz_AutoShot\shots\male\3\193_19.webp
193_2.png,OK,94.3,17.9,81.0,512,512,,C:\Users\administrator\Desktop\sever\txData\Svtesst\resources\[tesst]\uz_AutoShot\shots\male\3\193_2.webp
193_3.png,OK,94.4,17.6,81.3,512,512,,C:\Users\administrator\Desktop\sever\txData\Svtesst\resources\[tesst]\uz_AutoShot\shots\male\3\193_3.webp
193_4.png,OK,93.2,17.4,81.4,512,512,,C:\Users\administrator\Desktop\sever\txData\Svtesst\resources\[tesst]\uz_AutoShot\shots\male\3\193_4.webp
193_5.png,OK,93.4,17.5,81.3,512,512,,C:\Users\administrator\Desktop\sever\txData\Svtesst\resources\[tesst]\uz_AutoShot\shots\male\3\193_5.webp
193_6.png,OK,93.5,17.3,81.5,512,512,,C:\Users\administrator\Desktop\sever\txData\Svtesst\resources\[tesst]\uz_AutoShot\shots\male\3\193_6.webp
193_7.png,OK,66.1,13.1,80.3,512,512,,C:\Users\administrator\Desktop\sever\txData\Svtesst\resources\[tesst]\uz_AutoShot\shots\male\3\193_7.webp
193_8.png,OK,92.8,17.2,81.5,512,512,,C:\Users\administrator\Desktop\sever\txData\Svtesst\resources\[tesst]\uz_AutoShot\shots\male\3\193_8.webp
193_9.png,OK,93.5,17.4,81.4,512,512,,C:\Users\administrator\Desktop\sever\txData\Svtesst\resources\[tesst]\uz_AutoShot\shots\male\3\193_9.webp
194.png,OK,91.6,16.5,82.0,512,512,,C:\Users\administrator\Desktop\sever\txData\Svtesst\resources\[tesst]\uz_AutoShot\shots\male\3\194.webp
194_1.png,OK,92.8,17.1,81.6,512,512,,C:\Users\administrator\Desktop\sever\txData\Svtesst\resources\[tesst]\uz_AutoShot\shots\male\3\194_1.webp
194_2.png,OK,93.2,17.1,81.6,512,512,,C:\Users\administrator\Desktop\sever\txData\Svtesst\resources\[tesst]\uz_AutoShot\shots\male\3\194_2.webp
194_3.png,OK,93.2,17.0,81.7,512,512,,C:\Users\administrator\Desktop\sever\txData\Svtesst\resources\[tesst]\uz_AutoShot\shots\male\3\194_3.webp
194_4.png,OK,93.4,19.0,79.7,512,512,,C:\Users\administrator\Desktop\sever\txData\Svtesst\resources\[tesst]\uz_AutoShot\shots\male\3\194_4.webp
194_5.png,OK,91.8,16.7,81.8,512,512,,C:\Users\administrator\Desktop\sever\txData\Svtesst\resources\[tesst]\uz_AutoShot\shots\male\3\194_5.webp
194_6.png,OK,92.7,17.4,81.3,512,512,,C:\Users\administrator\Desktop\sever\txData\Svtesst\resources\[tesst]\uz_AutoShot\shots\male\3\194_6.webp
194_7.png,OK,93.0,18.0,80.6,512,512,,C:\Users\administrator\Desktop\sever\txData\Svtesst\resources\[tesst]\uz_AutoShot\shots\male\3\194_7.webp
195.png,OK,31.1,9.2,70.4,512,512,,C:\Users\administrator\Desktop\sever\txData\Svtesst\resources\[tesst]\uz_AutoShot\shots\male\3\195.webp
196.png,OK,47.7,12.0,74.9,512,512,,C:\Users\administrator\Desktop\sever\txData\Svtesst\resources\[tesst]\uz_AutoShot\shots\male\3\196.webp
197.png,OK,24.1,6.9,71.1,512,512,,C:\Users\administrator\Desktop\sever\txData\Svtesst\resources\[tesst]\uz_AutoShot\shots\male\3\197.webp
198.png,OK,58.6,14.9,74.6,512,512,,C:\Users\administrator\Desktop\sever\txData\Svtesst\resources\[tesst]\uz_AutoShot\shots\male\3\198.webp
199.png,OK,59.2,14.8,74.9,512,512,,C:\Users\administrator\Desktop\sever\txData\Svtesst\resources\[tesst]\uz_AutoShot\shots\male\3\199.webp
199_1.png,OK,59.3,14.8,75.0,512,512,,C:\Users\administrator\Desktop\sever\txData\Svtesst\resources\[tesst]\uz_AutoShot\shots\male\3\199_1.webp
200.png,OK,59.1,14.7,75.2,512,512,,C:\Users\administrator\Desktop\sever\txData\Svtesst\resources\[tesst]\uz_AutoShot\shots\male\3\200.webp
200_1.png,OK,59.3,14.8,75.0,512,512,,C:\Users\administrator\Desktop\sever\txData\Svtesst\resources\[tesst]\uz_AutoShot\shots\male\3\200_1.webp
201.png,OK,59.5,14.8,75.1,512,512,,C:\Users\administrator\Desktop\sever\txData\Svtesst\resources\[tesst]\uz_AutoShot\shots\male\3\201.webp
201_1.png,OK,60.7,15.2,75.0,512,512,,C:\Users\administrator\Desktop\sever\txData\Svtesst\resources\[tesst]\uz_AutoShot\shots\male\3\201_1.webp
202.png,OK,59.7,15.4,74.2,512,512,,C:\Users\administrator\Desktop\sever\txData\Svtesst\resources\[tesst]\uz_AutoShot\shots\male\3\202.webp
202_1.png,OK,22.7,7.4,67.5,512,512,,C:\Users\administrator\Desktop\sever\txData\Svtesst\resources\[tesst]\uz_AutoShot\shots\male\3\202_1.webp
203.png,OK,59.8,15.5,74.1,512,512,,C:\Users\administrator\Desktop\sever\txData\Svtesst\resources\[tesst]\uz_AutoShot\shots\male\3\203.webp
204.png,OK,60.0,14.8,75.4,512,512,,C:\Users\administrator\Desktop\sever\txData\Svtesst\resources\[tesst]\uz_AutoShot\shots\male\3\204.webp
205.png,OK,60.4,15.5,74.3,512,512,,C:\Users\administrator\Desktop\sever\txData\Svtesst\resources\[tesst]\uz_AutoShot\shots\male\3\205.webp
205_1.png,OK,60.2,15.0,75.1,512,512,,C:\Users\administrator\Desktop\sever\txData\Svtesst\resources\[tesst]\uz_AutoShot\shots\male\3\205_1.webp
206.png,OK,62.1,16.4,73.7,512,512,,C:\Users\administrator\Desktop\sever\txData\Svtesst\resources\[tesst]\uz_AutoShot\shots\male\3\206.webp
206_1.png,OK,62.7,17.2,72.6,512,512,,C:\Users\administrator\Desktop\sever\txData\Svtesst\resources\[tesst]\uz_AutoShot\shots\male\3\206_1.webp
206_10.png,OK,61.7,16.5,73.2,512,512,,C:\Users\administrator\Desktop\sever\txData\Svtesst\resources\[tesst]\uz_AutoShot\shots\male\3\206_10.webp
206_11.png,OK,60.6,15.5,74.5,512,512,,C:\Users\administrator\Desktop\sever\txData\Svtesst\resources\[tesst]\uz_AutoShot\shots\male\3\206_11.webp
206_12.png,OK,62.3,17.1,72.6,512,512,,C:\Users\administrator\Desktop\sever\txData\Svtesst\resources\[tesst]\uz_AutoShot\shots\male\3\206_12.webp
206_13.png,OK,59.7,14.7,75.4,512,512,,C:\Users\administrator\Desktop\sever\txData\Svtesst\resources\[tesst]\uz_AutoShot\shots\male\3\206_13.webp
206_14.png,OK,61.5,16.4,73.4,512,512,,C:\Users\administrator\Desktop\sever\txData\Svtesst\resources\[tesst]\uz_AutoShot\shots\male\3\206_14.webp
206_15.png,OK,60.7,15.4,74.7,512,512,,C:\Users\administrator\Desktop\sever\txData\Svtesst\resources\[tesst]\uz_AutoShot\shots\male\3\206_15.webp
206_16.png,OK,61.0,15.4,74.8,512,512,,C:\Users\administrator\Desktop\sever\txData\Svtesst\resources\[tesst]\uz_AutoShot\shots\male\3\206_16.webp
206_17.png,OK,61.0,16.4,73.1,512,512,,C:\Users\administrator\Desktop\sever\txData\Svtesst\resources\[tesst]\uz_AutoShot\shots\male\3\206_17.webp
206_18.png,OK,59.0,14.4,75.6,512,512,,C:\Users\administrator\Desktop\sever\txData\Svtesst\resources\[tesst]\uz_AutoShot\shots\male\3\206_18.webp
206_19.png,OK,60.3,15.3,74.6,512,512,,C:\Users\administrator\Desktop\sever\txData\Svtesst\resources\[tesst]\uz_AutoShot\shots\male\3\206_19.webp
206_2.png,OK,62.0,15.9,74.4,512,512,,C:\Users\administrator\Desktop\sever\txData\Svtesst\resources\[tesst]\uz_AutoShot\shots\male\3\206_2.webp
206_3.png,OK,62.0,15.9,74.4,512,512,,C:\Users\administrator\Desktop\sever\txData\Svtesst\resources\[tesst]\uz_AutoShot\shots\male\3\206_3.webp
206_4.png,OK,60.5,15.2,74.9,512,512,,C:\Users\administrator\Desktop\sever\txData\Svtesst\resources\[tesst]\uz_AutoShot\shots\male\3\206_4.webp
206_5.png,OK,61.1,15.5,74.7,512,512,,C:\Users\administrator\Desktop\sever\txData\Svtesst\resources\[tesst]\uz_AutoShot\shots\male\3\206_5.webp
206_6.png,OK,61.4,15.6,74.6,512,512,,C:\Users\administrator\Desktop\sever\txData\Svtesst\resources\[tesst]\uz_AutoShot\shots\male\3\206_6.webp
206_7.png,OK,61.6,15.2,75.3,512,512,,C:\Users\administrator\Desktop\sever\txData\Svtesst\resources\[tesst]\uz_AutoShot\shots\male\3\206_7.webp
206_8.png,OK,61.0,15.5,74.6,512,512,,C:\Users\administrator\Desktop\sever\txData\Svtesst\resources\[tesst]\uz_AutoShot\shots\male\3\206_8.webp
206_9.png,OK,60.9,15.2,75.0,512,512,,C:\Users\administrator\Desktop\sever\txData\Svtesst\resources\[tesst]\uz_AutoShot\shots\male\3\206_9.webp
207.png,OK,61.9,16.2,73.9,512,512,,C:\Users\administrator\Desktop\sever\txData\Svtesst\resources\[tesst]\uz_AutoShot\shots\male\3\207.webp
207_1.png,OK,62.4,17.0,72.7,512,512,,C:\Users\administrator\Desktop\sever\txData\Svtesst\resources\[tesst]\uz_AutoShot\shots\male\3\207_1.webp
207_10.png,OK,61.0,16.0,73.8,512,512,,C:\Users\administrator\Desktop\sever\txData\Svtesst\resources\[tesst]\uz_AutoShot\shots\male\3\207_10.webp
207_11.png,OK,60.1,15.0,75.1,512,512,,C:\Users\administrator\Desktop\sever\txData\Svtesst\resources\[tesst]\uz_AutoShot\shots\male\3\207_11.webp
207_12.png,OK,62.2,16.8,73.0,512,512,,C:\Users\administrator\Desktop\sever\txData\Svtesst\resources\[tesst]\uz_AutoShot\shots\male\3\207_12.webp
207_13.png,OK,59.9,14.6,75.7,512,512,,C:\Users\administrator\Desktop\sever\txData\Svtesst\resources\[tesst]\uz_AutoShot\shots\male\3\207_13.webp
207_14.png,OK,60.5,15.6,74.1,512,512,,C:\Users\administrator\Desktop\sever\txData\Svtesst\resources\[tesst]\uz_AutoShot\shots\male\3\207_14.webp
207_15.png,OK,60.3,15.1,74.9,512,512,,C:\Users\administrator\Desktop\sever\txData\Svtesst\resources\[tesst]\uz_AutoShot\shots\male\3\207_15.webp
207_16.png,OK,60.8,15.3,74.8,512,512,,C:\Users\administrator\Desktop\sever\txData\Svtesst\resources\[tesst]\uz_AutoShot\shots\male\3\207_16.webp
207_17.png,OK,60.9,16.1,73.5,512,512,,C:\Users\administrator\Desktop\sever\txData\Svtesst\resources\[tesst]\uz_AutoShot\shots\male\3\207_17.webp
207_18.png,OK,58.8,14.3,75.7,512,512,,C:\Users\administrator\Desktop\sever\txData\Svtesst\resources\[tesst]\uz_AutoShot\shots\male\3\207_18.webp
207_19.png,OK,59.8,15.1,74.8,512,512,,C:\Users\administrator\Desktop\sever\txData\Svtesst\resources\[tesst]\uz_AutoShot\shots\male\3\207_19.webp
207_2.png,OK,61.7,15.7,74.5,512,512,,C:\Users\administrator\Desktop\sever\txData\Svtesst\resources\[tesst]\uz_AutoShot\shots\male\3\207_2.webp
207_3.png,OK,61.6,15.6,74.7,512,512,,C:\Users\administrator\Desktop\sever\txData\Svtesst\resources\[tesst]\uz_AutoShot\shots\male\3\207_3.webp
207_4.png,OK,60.3,15.1,74.9,512,512,,C:\Users\administrator\Desktop\sever\txData\Svtesst\resources\[tesst]\uz_AutoShot\shots\male\3\207_4.webp
207_5.png,OK,60.5,15.2,74.9,512,512,,C:\Users\administrator\Desktop\sever\txData\Svtesst\resources\[tesst]\uz_AutoShot\shots\male\3\207_5.webp
207_6.png,OK,61.0,15.4,74.8,512,512,,C:\Users\administrator\Desktop\sever\txData\Svtesst\resources\[tesst]\uz_AutoShot\shots\male\3\207_6.webp
207_7.png,OK,61.5,15.2,75.3,512,512,,C:\Users\administrator\Desktop\sever\txData\Svtesst\resources\[tesst]\uz_AutoShot\shots\male\3\207_7.webp
207_8.png,OK,60.4,15.2,74.8,512,512,,C:\Users\administrator\Desktop\sever\txData\Svtesst\resources\[tesst]\uz_AutoShot\shots\male\3\207_8.webp
207_9.png,OK,60.5,15.3,74.8,512,512,,C:\Users\administrator\Desktop\sever\txData\Svtesst\resources\[tesst]\uz_AutoShot\shots\male\3\207_9.webp
208.png,OK,59.1,14.7,75.1,512,512,,C:\Users\administrator\Desktop\sever\txData\Svtesst\resources\[tesst]\uz_AutoShot\shots\male\3\208.webp
208_1.png,OK,60.4,15.0,75.1,512,512,,C:\Users\administrator\Desktop\sever\txData\Svtesst\resources\[tesst]\uz_AutoShot\shots\male\3\208_1.webp
208_2.png,OK,60.5,14.9,75.4,512,512,,C:\Users\administrator\Desktop\sever\txData\Svtesst\resources\[tesst]\uz_AutoShot\shots\male\3\208_2.webp
208_3.png,OK,60.2,14.8,75.5,512,512,,C:\Users\administrator\Desktop\sever\txData\Svtesst\resources\[tesst]\uz_AutoShot\shots\male\3\208_3.webp
208_4.png,OK,60.9,17.1,71.9,512,512,,C:\Users\administrator\Desktop\sever\txData\Svtesst\resources\[tesst]\uz_AutoShot\shots\male\3\208_4.webp
208_5.png,OK,59.5,14.9,75.0,512,512,,C:\Users\administrator\Desktop\sever\txData\Svtesst\resources\[tesst]\uz_AutoShot\shots\male\3\208_5.webp
208_6.png,OK,60.4,15.4,74.5,512,512,,C:\Users\administrator\Desktop\sever\txData\Svtesst\resources\[tesst]\uz_AutoShot\shots\male\3\208_6.webp
208_7.png,OK,60.2,15.8,73.7,512,512,,C:\Users\administrator\Desktop\sever\txData\Svtesst\resources\[tesst]\uz_AutoShot\shots\male\3\208_7.webp
209.png,OK,22.9,7.5,67.4,512,512,,C:\Users\administrator\Desktop\sever\txData\Svtesst\resources\[tesst]\uz_AutoShot\shots\male\3\209.webp
210.png,OK,23.1,7.7,66.8,512,512,,C:\Users\administrator\Desktop\sever\txData\Svtesst\resources\[tesst]\uz_AutoShot\shots\male\3\210.webp
211.png,OK,25.5,7.9,69.0,512,512,,C:\Users\administrator\Desktop\sever\txData\Svtesst\resources\[tesst]\uz_AutoShot\shots\male\3\211.webp
212.png,OK,32.2,10.6,67.3,512,512,,C:\Users\administrator\Desktop\sever\txData\Svtesst\resources\[tesst]\uz_AutoShot\shots\male\3\212.webp
213.png,OK,24.7,7.4,70.2,512,512,,C:\Users\administrator\Desktop\sever\txData\Svtesst\resources\[tesst]\uz_AutoShot\shots\male\3\213.webp
214.png,OK,115.2,19.7,82.9,512,512,,C:\Users\administrator\Desktop\sever\txData\Svtesst\resources\[tesst]\uz_AutoShot\shots\male\3\214.webp
214_1.png,OK,115.6,18.9,83.7,512,512,,C:\Users\administrator\Desktop\sever\txData\Svtesst\resources\[tesst]\uz_AutoShot\shots\male\3\214_1.webp
214_2.png,OK,114.5,19.6,82.9,512,512,,C:\Users\administrator\Desktop\sever\txData\Svtesst\resources\[tesst]\uz_AutoShot\shots\male\3\214_2.webp
214_3.png,OK,114.7,19.2,83.3,512,512,,C:\Users\administrator\Desktop\sever\txData\Svtesst\resources\[tesst]\uz_AutoShot\shots\male\3\214_3.webp
214_4.png,OK,115.1,19.4,83.1,512,512,,C:\Users\administrator\Desktop\sever\txData\Svtesst\resources\[tesst]\uz_AutoShot\shots\male\3\214_4.webp
214_5.png,OK,113.4,19.3,83.0,512,512,,C:\Users\administrator\Desktop\sever\txData\Svtesst\resources\[tesst]\uz_AutoShot\shots\male\3\214_5.webp
214_6.png,OK,114.6,19.4,83.1,512,512,,C:\Users\administrator\Desktop\sever\txData\Svtesst\resources\[tesst]\uz_AutoShot\shots\male\3\214_6.webp
214_7.png,OK,129.0,20.9,83.8,512,512,,C:\Users\administrator\Desktop\sever\txData\Svtesst\resources\[tesst]\uz_AutoShot\shots\male\3\214_7.webp
215.png,OK,136.1,23.7,82.6,512,512,,C:\Users\administrator\Desktop\sever\txData\Svtesst\resources\[tesst]\uz_AutoShot\shots\male\3\215.webp
216.png,OK,113.8,18.9,83.4,512,512,,C:\Users\administrator\Desktop\sever\txData\Svtesst\resources\[tesst]\uz_AutoShot\shots\male\3\216.webp
216_1.png,OK,114.3,18.4,83.9,512,512,,C:\Users\administrator\Desktop\sever\txData\Svtesst\resources\[tesst]\uz_AutoShot\shots\male\3\216_1.webp
216_2.png,OK,113.5,19.5,82.8,512,512,,C:\Users\administrator\Desktop\sever\txData\Svtesst\resources\[tesst]\uz_AutoShot\shots\male\3\216_2.webp
216_3.png,OK,113.9,19.0,83.3,512,512,,C:\Users\administrator\Desktop\sever\txData\Svtesst\resources\[tesst]\uz_AutoShot\shots\male\3\216_3.webp
216_4.png,OK,114.3,19.2,83.2,512,512,,C:\Users\administrator\Desktop\sever\txData\Svtesst\resources\[tesst]\uz_AutoShot\shots\male\3\216_4.webp
216_5.png,OK,112.4,19.1,83.0,512,512,,C:\Users\administrator\Desktop\sever\txData\Svtesst\resources\[tesst]\uz_AutoShot\shots\male\3\216_5.webp
216_6.png,OK,113.9,19.1,83.2,512,512,,C:\Users\administrator\Desktop\sever\txData\Svtesst\resources\[tesst]\uz_AutoShot\shots\male\3\216_6.webp
217.png,OK,35.8,9.9,72.2,512,512,,C:\Users\administrator\Desktop\sever\txData\Svtesst\resources\[tesst]\uz_AutoShot\shots\male\3\217.webp
218.png,OK,44.7,11.9,73.3,512,512,,C:\Users\administrator\Desktop\sever\txData\Svtesst\resources\[tesst]\uz_AutoShot\shots\male\3\218.webp
219.png,OK,123.1,20.2,83.6,512,512,,C:\Users\administrator\Desktop\sever\txData\Svtesst\resources\[tesst]\uz_AutoShot\shots\male\3\219.webp
220.png,OK,113.2,19.3,83.0,512,512,,C:\Users\administrator\Desktop\sever\txData\Svtesst\resources\[tesst]\uz_AutoShot\shots\male\3\220.webp
220_1.png,OK,113.5,18.6,83.6,512,512,,C:\Users\administrator\Desktop\sever\txData\Svtesst\resources\[tesst]\uz_AutoShot\shots\male\3\220_1.webp
220_2.png,OK,112.7,19.6,82.6,512,512,,C:\Users\administrator\Desktop\sever\txData\Svtesst\resources\[tesst]\uz_AutoShot\shots\male\3\220_2.webp
220_3.png,OK,113.2,19.3,82.9,512,512,,C:\Users\administrator\Desktop\sever\txData\Svtesst\resources\[tesst]\uz_AutoShot\shots\male\3\220_3.webp
220_4.png,OK,113.4,19.4,82.9,512,512,,C:\Users\administrator\Desktop\sever\txData\Svtesst\resources\[tesst]\uz_AutoShot\shots\male\3\220_4.webp
220_5.png,OK,111.4,19.4,82.6,512,512,,C:\Users\administrator\Desktop\sever\txData\Svtesst\resources\[tesst]\uz_AutoShot\shots\male\3\220_5.webp
220_6.png,OK,112.9,19.3,82.9,512,512,,C:\Users\administrator\Desktop\sever\txData\Svtesst\resources\[tesst]\uz_AutoShot\shots\male\3\220_6.webp
221.png,OK,116.4,20.3,82.5,512,512,,C:\Users\administrator\Desktop\sever\txData\Svtesst\resources\[tesst]\uz_AutoShot\shots\male\3\221.webp
221_1.png,OK,117.0,20.6,82.4,512,512,,C:\Users\administrator\Desktop\sever\txData\Svtesst\resources\[tesst]\uz_AutoShot\shots\male\3\221_1.webp
222.png,OK,116.3,19.8,83.0,512,512,,C:\Users\administrator\Desktop\sever\txData\Svtesst\resources\[tesst]\uz_AutoShot\shots\male\3\222.webp
222_1.png,OK,117.0,19.3,83.5,512,512,,C:\Users\administrator\Desktop\sever\txData\Svtesst\resources\[tesst]\uz_AutoShot\shots\male\3\222_1.webp
223.png,OK,61.9,15.7,74.6,512,512,,C:\Users\administrator\Desktop\sever\txData\Svtesst\resources\[tesst]\uz_AutoShot\shots\male\3\223.webp
224.png,OK,44.5,11.7,73.8,512,512,,C:\Users\administrator\Desktop\sever\txData\Svtesst\resources\[tesst]\uz_AutoShot\shots\male\3\224.webp
224_1.png,OK,44.5,11.3,74.7,512,512,,C:\Users\administrator\Desktop\sever\txData\Svtesst\resources\[tesst]\uz_AutoShot\shots\male\3\224_1.webp
225.png,OK,21.8,7.4,66.2,512,512,,C:\Users\administrator\Desktop\sever\txData\Svtesst\resources\[tesst]\uz_AutoShot\shots\male\3\225.webp
226.png,OK,120.4,19.9,83.5,512,512,,C:\Users\administrator\Desktop\sever\txData\Svtesst\resources\[tesst]\uz_AutoShot\shots\male\3\226.webp
226_1.png,OK,123.2,19.5,84.2,512,512,,C:\Users\administrator\Desktop\sever\txData\Svtesst\resources\[tesst]\uz_AutoShot\shots\male\3\226_1.webp
227.png,OK,47.0,12.3,73.8,512,512,,C:\Users\administrator\Desktop\sever\txData\Svtesst\resources\[tesst]\uz_AutoShot\shots\male\3\227.webp
228.png,OK,51.8,12.5,75.8,512,512,,C:\Users\administrator\Desktop\sever\txData\Svtesst\resources\[tesst]\uz_AutoShot\shots\male\3\228.webp
228_1.png,OK,54.5,14.0,74.2,512,512,,C:\Users\administrator\Desktop\sever\txData\Svtesst\resources\[tesst]\uz_AutoShot\shots\male\3\228_1.webp
229.png,OK,21.8,6.7,69.3,512,512,,C:\Users\administrator\Desktop\sever\txData\Svtesst\resources\[tesst]\uz_AutoShot\shots\male\3\229.webp
229_1.png,OK,24.3,8.0,67.0,512,512,,C:\Users\administrator\Desktop\sever\txData\Svtesst\resources\[tesst]\uz_AutoShot\shots\male\3\229_1.webp
230.png,OK,67.3,16.2,75.9,512,512,,C:\Users\administrator\Desktop\sever\txData\Svtesst\resources\[tesst]\uz_AutoShot\shots\male\3\230.webp
230_1.png,OK,70.5,17.9,74.7,512,512,,C:\Users\administrator\Desktop\sever\txData\Svtesst\resources\[tesst]\uz_AutoShot\shots\male\3\230_1.webp
231.png,OK,18.6,5.4,71.0,512,512,,C:\Users\administrator\Desktop\sever\txData\Svtesst\resources\[tesst]\uz_AutoShot\shots\male\3\231.webp
231_1.png,OK,20.8,6.7,67.6,512,512,,C:\Users\administrator\Desktop\sever\txData\Svtesst\resources\[tesst]\uz_AutoShot\shots\male\3\231_1.webp
232.png,OK,79.9,17.6,78.0,512,512,,C:\Users\administrator\Desktop\sever\txData\Svtesst\resources\[tesst]\uz_AutoShot\shots\male\3\232.webp
232_1.png,OK,83.1,19.1,77.0,512,512,,C:\Users\administrator\Desktop\sever\txData\Svtesst\resources\[tesst]\uz_AutoShot\shots\male\3\232_1.webp
233.png,OK,27.7,7.6,72.4,512,512,,C:\Users\administrator\Desktop\sever\txData\Svtesst\resources\[tesst]\uz_AutoShot\shots\male\3\233.webp
233_1.png,OK,30.4,9.0,70.3,512,512,,C:\Users\administrator\Desktop\sever\txData\Svtesst\resources\[tesst]\uz_AutoShot\shots\male\3\233_1.webp
234.png,OK,33.0,8.5,74.3,512,512,,C:\Users\administrator\Desktop\sever\txData\Svtesst\resources\[tesst]\uz_AutoShot\shots\male\3\234.webp
234_1.png,OK,35.4,9.9,72.1,512,512,,C:\Users\administrator\Desktop\sever\txData\Svtesst\resources\[tesst]\uz_AutoShot\shots\male\3\234_1.webp
235.png,OK,42.4,10.6,75.0,512,512,,C:\Users\administrator\Desktop\sever\txData\Svtesst\resources\[tesst]\uz_AutoShot\shots\male\3\235.webp
235_1.png,OK,45.1,12.0,73.5,512,512,,C:\Users\administrator\Desktop\sever\txData\Svtesst\resources\[tesst]\uz_AutoShot\shots\male\3\235_1.webp
236.png,OK,23.9,7.0,70.7,512,512,,C:\Users\administrator\Desktop\sever\txData\Svtesst\resources\[tesst]\uz_AutoShot\shots\male\3\236.webp
236_1.png,OK,26.4,8.4,68.3,512,512,,C:\Users\administrator\Desktop\sever\txData\Svtesst\resources\[tesst]\uz_AutoShot\shots\male\3\236_1.webp
237.png,OK,73.3,11.6,84.2,512,512,,C:\Users\administrator\Desktop\sever\txData\Svtesst\resources\[tesst]\uz_AutoShot\shots\male\3\237.webp
237_1.png,OK,77.1,13.1,83.0,512,512,,C:\Users\administrator\Desktop\sever\txData\Svtesst\resources\[tesst]\uz_AutoShot\shots\male\3\237_1.webp
238.png,OK,120.0,18.3,84.7,512,512,,C:\Users\administrator\Desktop\sever\txData\Svtesst\resources\[tesst]\uz_AutoShot\shots\male\3\238.webp
238_1.png,OK,123.3,20.1,83.7,512,512,,C:\Users\administrator\Desktop\sever\txData\Svtesst\resources\[tesst]\uz_AutoShot\shots\male\3\238_1.webp
239.png,OK,114.3,19.2,83.2,512,512,,C:\Users\administrator\Desktop\sever\txData\Svtesst\resources\[tesst]\uz_AutoShot\shots\male\3\239.webp
239_1.png,OK,114.9,18.8,83.6,512,512,,C:\Users\administrator\Desktop\sever\txData\Svtesst\resources\[tesst]\uz_AutoShot\shots\male\3\239_1.webp
239_2.png,OK,114.4,19.5,82.9,512,512,,C:\Users\administrator\Desktop\sever\txData\Svtesst\resources\[tesst]\uz_AutoShot\shots\male\3\239_2.webp
239_3.png,OK,114.7,19.2,83.3,512,512,,C:\Users\administrator\Desktop\sever\txData\Svtesst\resources\[tesst]\uz_AutoShot\shots\male\3\239_3.webp
239_4.png,OK,115.0,19.4,83.1,512,512,,C:\Users\administrator\Desktop\sever\txData\Svtesst\resources\[tesst]\uz_AutoShot\shots\male\3\239_4.webp
239_5.png,OK,113.4,19.4,82.9,512,512,,C:\Users\administrator\Desktop\sever\txData\Svtesst\resources\[tesst]\uz_AutoShot\shots\male\3\239_5.webp
239_6.png,OK,114.6,19.4,83.1,512,512,,C:\Users\administrator\Desktop\sever\txData\Svtesst\resources\[tesst]\uz_AutoShot\shots\male\3\239_6.webp
239_7.png,OK,129.0,20.9,83.8,512,512,,C:\Users\administrator\Desktop\sever\txData\Svtesst\resources\[tesst]\uz_AutoShot\shots\male\3\239_7.webp
240.png,OK,136.1,23.8,82.5,512,512,,C:\Users\administrator\Desktop\sever\txData\Svtesst\resources\[tesst]\uz_AutoShot\shots\male\3\240.webp
241.png,OK,113.7,19.0,83.3,512,512,,C:\Users\administrator\Desktop\sever\txData\Svtesst\resources\[tesst]\uz_AutoShot\shots\male\3\241.webp
241_1.png,OK,114.7,18.5,83.9,512,512,,C:\Users\administrator\Desktop\sever\txData\Svtesst\resources\[tesst]\uz_AutoShot\shots\male\3\241_1.webp
241_2.png,OK,113.5,19.5,82.8,512,512,,C:\Users\administrator\Desktop\sever\txData\Svtesst\resources\[tesst]\uz_AutoShot\shots\male\3\241_2.webp
241_3.png,OK,114.0,19.0,83.4,512,512,,C:\Users\administrator\Desktop\sever\txData\Svtesst\resources\[tesst]\uz_AutoShot\shots\male\3\241_3.webp
241_4.png,OK,114.3,19.2,83.2,512,512,,C:\Users\administrator\Desktop\sever\txData\Svtesst\resources\[tesst]\uz_AutoShot\shots\male\3\241_4.webp
241_5.png,OK,112.3,19.1,83.0,512,512,,C:\Users\administrator\Desktop\sever\txData\Svtesst\resources\[tesst]\uz_AutoShot\shots\male\3\241_5.webp
241_6.png,OK,113.9,19.2,83.2,512,512,,C:\Users\administrator\Desktop\sever\txData\Svtesst\resources\[tesst]\uz_AutoShot\shots\male\3\241_6.webp
242.png,OK,35.7,9.9,72.2,512,512,,C:\Users\administrator\Desktop\sever\txData\Svtesst\resources\[tesst]\uz_AutoShot\shots\male\3\242.webp
243.png,OK,44.7,11.9,73.3,512,512,,C:\Users\administrator\Desktop\sever\txData\Svtesst\resources\[tesst]\uz_AutoShot\shots\male\3\243.webp
244.png,OK,123.1,20.2,83.6,512,512,,C:\Users\administrator\Desktop\sever\txData\Svtesst\resources\[tesst]\uz_AutoShot\shots\male\3\244.webp
245.png,OK,113.4,19.3,83.0,512,512,,C:\Users\administrator\Desktop\sever\txData\Svtesst\resources\[tesst]\uz_AutoShot\shots\male\3\245.webp
245_1.png,OK,113.3,18.7,83.5,512,512,,C:\Users\administrator\Desktop\sever\txData\Svtesst\resources\[tesst]\uz_AutoShot\shots\male\3\245_1.webp
245_2.png,OK,112.6,19.5,82.7,512,512,,C:\Users\administrator\Desktop\sever\txData\Svtesst\resources\[tesst]\uz_AutoShot\shots\male\3\245_2.webp
245_3.png,OK,113.2,19.2,83.0,512,512,,C:\Users\administrator\Desktop\sever\txData\Svtesst\resources\[tesst]\uz_AutoShot\shots\male\3\245_3.webp
245_4.png,OK,113.5,19.5,82.8,512,512,,C:\Users\administrator\Desktop\sever\txData\Svtesst\resources\[tesst]\uz_AutoShot\shots\male\3\245_4.webp
245_5.png,OK,111.4,19.3,82.6,512,512,,C:\Users\administrator\Desktop\sever\txData\Svtesst\resources\[tesst]\uz_AutoShot\shots\male\3\245_5.webp
245_6.png,OK,112.9,19.4,82.8,512,512,,C:\Users\administrator\Desktop\sever\txData\Svtesst\resources\[tesst]\uz_AutoShot\shots\male\3\245_6.webp
246.png,OK,116.5,20.3,82.6,512,512,,C:\Users\administrator\Desktop\sever\txData\Svtesst\resources\[tesst]\uz_AutoShot\shots\male\3\246.webp
246_1.png,OK,117.0,20.6,82.4,512,512,,C:\Users\administrator\Desktop\sever\txData\Svtesst\resources\[tesst]\uz_AutoShot\shots\male\3\246_1.webp
247.png,OK,116.3,19.8,83.0,512,512,,C:\Users\administrator\Desktop\sever\txData\Svtesst\resources\[tesst]\uz_AutoShot\shots\male\3\247.webp
247_1.png,OK,116.9,19.2,83.5,512,512,,C:\Users\administrator\Desktop\sever\txData\Svtesst\resources\[tesst]\uz_AutoShot\shots\male\3\247_1.webp
248.png,OK,62.0,15.7,74.7,512,512,,C:\Users\administrator\Desktop\sever\txData\Svtesst\resources\[tesst]\uz_AutoShot\shots\male\3\248.webp
249.png,OK,44.4,11.7,73.7,512,512,,C:\Users\administrator\Desktop\sever\txData\Svtesst\resources\[tesst]\uz_AutoShot\shots\male\3\249.webp
249_1.png,OK,44.5,11.2,74.8,512,512,,C:\Users\administrator\Desktop\sever\txData\Svtesst\resources\[tesst]\uz_AutoShot\shots\male\3\249_1.webp
250.png,OK,21.8,7.4,66.2,512,512,,C:\Users\administrator\Desktop\sever\txData\Svtesst\resources\[tesst]\uz_AutoShot\shots\male\3\250.webp
251.png,OK,120.4,19.9,83.5,512,512,,C:\Users\administrator\Desktop\sever\txData\Svtesst\resources\[tesst]\uz_AutoShot\shots\male\3\251.webp
251_1.png,OK,123.1,19.5,84.2,512,512,,C:\Users\administrator\Desktop\sever\txData\Svtesst\resources\[tesst]\uz_AutoShot\shots\male\3\251_1.webp
252.png,OK,47.1,12.4,73.7,512,512,,C:\Users\administrator\Desktop\sever\txData\Svtesst\resources\[tesst]\uz_AutoShot\shots\male\3\252.webp
253.png,OK,51.8,12.5,75.9,512,512,,C:\Users\administrator\Desktop\sever\txData\Svtesst\resources\[tesst]\uz_AutoShot\shots\male\3\253.webp
253_1.png,OK,54.5,14.0,74.2,512,512,,C:\Users\administrator\Desktop\sever\txData\Svtesst\resources\[tesst]\uz_AutoShot\shots\male\3\253_1.webp
254.png,OK,21.8,6.7,69.4,512,512,,C:\Users\administrator\Desktop\sever\txData\Svtesst\resources\[tesst]\uz_AutoShot\shots\male\3\254.webp
254_1.png,OK,24.3,8.0,66.9,512,512,,C:\Users\administrator\Desktop\sever\txData\Svtesst\resources\[tesst]\uz_AutoShot\shots\male\3\254_1.webp
255.png,OK,67.4,16.2,75.9,512,512,,C:\Users\administrator\Desktop\sever\txData\Svtesst\resources\[tesst]\uz_AutoShot\shots\male\3\255.webp
255_1.png,OK,70.6,17.8,74.8,512,512,,C:\Users\administrator\Desktop\sever\txData\Svtesst\resources\[tesst]\uz_AutoShot\shots\male\3\255_1.webp
256.png,OK,18.6,5.4,71.1,512,512,,C:\Users\administrator\Desktop\sever\txData\Svtesst\resources\[tesst]\uz_AutoShot\shots\male\3\256.webp
256_1.png,OK,20.8,6.7,67.7,512,512,,C:\Users\administrator\Desktop\sever\txData\Svtesst\resources\[tesst]\uz_AutoShot\shots\male\3\256_1.webp
257.png,OK,80.1,17.5,78.1,512,512,,C:\Users\administrator\Desktop\sever\txData\Svtesst\resources\[tesst]\uz_AutoShot\shots\male\3\257.webp
257_1.png,OK,83.0,19.0,77.1,512,512,,C:\Users\administrator\Desktop\sever\txData\Svtesst\resources\[tesst]\uz_AutoShot\shots\male\3\257_1.webp
258.png,OK,27.7,7.6,72.4,512,512,,C:\Users\administrator\Desktop\sever\txData\Svtesst\resources\[tesst]\uz_AutoShot\shots\male\3\258.webp
258_1.png,OK,30.5,9.0,70.3,512,512,,C:\Users\administrator\Desktop\sever\txData\Svtesst\resources\[tesst]\uz_AutoShot\shots\male\3\258_1.webp
259.png,OK,33.0,8.5,74.3,512,512,,C:\Users\administrator\Desktop\sever\txData\Svtesst\resources\[tesst]\uz_AutoShot\shots\male\3\259.webp
259_1.png,OK,35.5,9.9,72.2,512,512,,C:\Users\administrator\Desktop\sever\txData\Svtesst\resources\[tesst]\uz_AutoShot\shots\male\3\259_1.webp
260.png,OK,42.4,10.6,75.0,512,512,,C:\Users\administrator\Desktop\sever\txData\Svtesst\resources\[tesst]\uz_AutoShot\shots\male\3\260.webp
260_1.png,OK,45.1,12.0,73.3,512,512,,C:\Users\administrator\Desktop\sever\txData\Svtesst\resources\[tesst]\uz_AutoShot\shots\male\3\260_1.webp
261.png,OK,23.9,7.1,70.4,512,512,,C:\Users\administrator\Desktop\sever\txData\Svtesst\resources\[tesst]\uz_AutoShot\shots\male\3\261.webp
261_1.png,OK,26.4,8.4,68.1,512,512,,C:\Users\administrator\Desktop\sever\txData\Svtesst\resources\[tesst]\uz_AutoShot\shots\male\3\261_1.webp
262.png,OK,73.3,11.7,84.1,512,512,,C:\Users\administrator\Desktop\sever\txData\Svtesst\resources\[tesst]\uz_AutoShot\shots\male\3\262.webp
262_1.png,OK,77.0,13.2,82.9,512,512,,C:\Users\administrator\Desktop\sever\txData\Svtesst\resources\[tesst]\uz_AutoShot\shots\male\3\262_1.webp
263.png,OK,120.0,18.3,84.7,512,512,,C:\Users\administrator\Desktop\sever\txData\Svtesst\resources\[tesst]\uz_AutoShot\shots\male\3\263.webp
263_1.png,OK,123.3,20.2,83.6,512,512,,C:\Users\administrator\Desktop\sever\txData\Svtesst\resources\[tesst]\uz_AutoShot\shots\male\3\263_1.webp
58.png,OK,35.2,10.6,69.9,512,512,,C:\Users\administrator\Desktop\sever\txData\Svtesst\resources\[tesst]\uz_AutoShot\shots\male\3\58.webp
58_1.png,OK,35.8,10.6,70.4,512,512,,C:\Users\administrator\Desktop\sever\txData\Svtesst\resources\[tesst]\uz_AutoShot\shots\male\3\58_1.webp
59.png,OK,45.0,12.7,71.7,512,512,,C:\Users\administrator\Desktop\sever\txData\Svtesst\resources\[tesst]\uz_AutoShot\shots\male\3\59.webp
59_1.png,OK,45.6,12.9,71.7,512,512,,C:\Users\administrator\Desktop\sever\txData\Svtesst\resources\[tesst]\uz_AutoShot\shots\male\3\59_1.webp
6.png,OK,30.9,9.5,69.3,512,512,,C:\Users\administrator\Desktop\sever\txData\Svtesst\resources\[tesst]\uz_AutoShot\shots\male\3\6.webp
60.png,OK,26.5,9.0,66.1,512,512,,C:\Users\administrator\Desktop\sever\txData\Svtesst\resources\[tesst]\uz_AutoShot\shots\male\3\60.webp
60_1.png,OK,27.1,9.1,66.5,512,512,,C:\Users\administrator\Desktop\sever\txData\Svtesst\resources\[tesst]\uz_AutoShot\shots\male\3\60_1.webp
61.png,OK,77.8,14.1,81.9,512,512,,C:\Users\administrator\Desktop\sever\txData\Svtesst\resources\[tesst]\uz_AutoShot\shots\male\3\61.webp
61_1.png,OK,78.6,14.3,81.9,512,512,,C:\Users\administrator\Desktop\sever\txData\Svtesst\resources\[tesst]\uz_AutoShot\shots\male\3\61_1.webp
62.png,OK,123.7,21.1,82.9,512,512,,C:\Users\administrator\Desktop\sever\txData\Svtesst\resources\[tesst]\uz_AutoShot\shots\male\3\62.webp
62_1.png,OK,124.5,21.3,82.9,512,512,,C:\Users\administrator\Desktop\sever\txData\Svtesst\resources\[tesst]\uz_AutoShot\shots\male\3\62_1.webp
63.png,OK,54.7,15.0,72.6,512,512,,C:\Users\administrator\Desktop\sever\txData\Svtesst\resources\[tesst]\uz_AutoShot\shots\male\3\63.webp
64.png,OK,24.7,8.8,64.4,512,512,,C:\Users\administrator\Desktop\sever\txData\Svtesst\resources\[tesst]\uz_AutoShot\shots\male\3\64.webp
65.png,OK,70.3,18.7,73.4,512,512,,C:\Users\administrator\Desktop\sever\txData\Svtesst\resources\[tesst]\uz_AutoShot\shots\male\3\65.webp
66.png,OK,21.1,7.3,65.2,512,512,,C:\Users\administrator\Desktop\sever\txData\Svtesst\resources\[tesst]\uz_AutoShot\shots\male\3\66.webp
67.png,OK,82.7,19.9,75.9,512,512,,C:\Users\administrator\Desktop\sever\txData\Svtesst\resources\[tesst]\uz_AutoShot\shots\male\3\67.webp
68.png,OK,30.6,9.8,67.9,512,512,,C:\Users\administrator\Desktop\sever\txData\Svtesst\resources\[tesst]\uz_AutoShot\shots\male\3\68.webp
69.png,OK,36.1,10.7,70.2,512,512,,C:\Users\administrator\Desktop\sever\txData\Svtesst\resources\[tesst]\uz_AutoShot\shots\male\3\69.webp
7.png,OK,2.1,1.0,53.1,512,512,,C:\Users\administrator\Desktop\sever\txData\Svtesst\resources\[tesst]\uz_AutoShot\shots\male\3\7.webp
70.png,OK,45.4,12.8,71.8,512,512,,C:\Users\administrator\Desktop\sever\txData\Svtesst\resources\[tesst]\uz_AutoShot\shots\male\3\70.webp
71.png,OK,26.9,9.2,66.0,512,512,,C:\Users\administrator\Desktop\sever\txData\Svtesst\resources\[tesst]\uz_AutoShot\shots\male\3\71.webp
72.png,OK,81.0,14.8,81.7,512,512,,C:\Users\administrator\Desktop\sever\txData\Svtesst\resources\[tesst]\uz_AutoShot\shots\male\3\72.webp
73.png,OK,124.2,21.3,82.8,512,512,,C:\Users\administrator\Desktop\sever\txData\Svtesst\resources\[tesst]\uz_AutoShot\shots\male\3\73.webp
74.png,OK,54.8,14.6,73.3,512,512,,C:\Users\administrator\Desktop\sever\txData\Svtesst\resources\[tesst]\uz_AutoShot\shots\male\3\74.webp
75.png,OK,24.8,8.4,66.2,512,512,,C:\Users\administrator\Desktop\sever\txData\Svtesst\resources\[tesst]\uz_AutoShot\shots\male\3\75.webp
76.png,OK,70.6,18.5,73.8,512,512,,C:\Users\administrator\Desktop\sever\txData\Svtesst\resources\[tesst]\uz_AutoShot\shots\male\3\76.webp
77.png,OK,21.2,7.0,66.8,512,512,,C:\Users\administrator\Desktop\sever\txData\Svtesst\resources\[tesst]\uz_AutoShot\shots\male\3\77.webp
78.png,OK,83.2,19.7,76.3,512,512,,C:\Users\administrator\Desktop\sever\txData\Svtesst\resources\[tesst]\uz_AutoShot\shots\male\3\78.webp
79.png,OK,31.1,9.5,69.6,512,512,,C:\Users\administrator\Desktop\sever\txData\Svtesst\resources\[tesst]\uz_AutoShot\shots\male\3\79.webp
8.png,OK,35.4,10.2,71.1,512,512,,C:\Users\administrator\Desktop\sever\txData\Svtesst\resources\[tesst]\uz_AutoShot\shots\male\3\8.webp
80.png,OK,35.7,10.2,71.3,512,512,,C:\Users\administrator\Desktop\sever\txData\Svtesst\resources\[tesst]\uz_AutoShot\shots\male\3\80.webp
81.png,OK,45.5,12.5,72.5,512,512,,C:\Users\administrator\Desktop\sever\txData\Svtesst\resources\[tesst]\uz_AutoShot\shots\male\3\81.webp
82.png,OK,27.0,8.7,67.7,512,512,,C:\Users\administrator\Desktop\sever\txData\Svtesst\resources\[tesst]\uz_AutoShot\shots\male\3\82.webp
83.png,OK,78.2,13.9,82.3,512,512,,C:\Users\administrator\Desktop\sever\txData\Svtesst\resources\[tesst]\uz_AutoShot\shots\male\3\83.webp
84.png,OK,124.1,21.0,83.1,512,512,,C:\Users\administrator\Desktop\sever\txData\Svtesst\resources\[tesst]\uz_AutoShot\shots\male\3\84.webp
85.png,OK,55.1,15.2,72.3,512,512,,C:\Users\administrator\Desktop\sever\txData\Svtesst\resources\[tesst]\uz_AutoShot\shots\male\3\85.webp
85_1.png,OK,54.9,14.7,73.3,512,512,,C:\Users\administrator\Desktop\sever\txData\Svtesst\resources\[tesst]\uz_AutoShot\shots\male\3\85_1.webp
86.png,OK,25.3,8.8,65.1,512,512,,C:\Users\administrator\Desktop\sever\txData\Svtesst\resources\[tesst]\uz_AutoShot\shots\male\3\86.webp
86_1.png,OK,25.1,8.4,66.4,512,512,,C:\Users\administrator\Desktop\sever\txData\Svtesst\resources\[tesst]\uz_AutoShot\shots\male\3\86_1.webp
87.png,OK,71.0,18.8,73.5,512,512,,C:\Users\administrator\Desktop\sever\txData\Svtesst\resources\[tesst]\uz_AutoShot\shots\male\3\87.webp
87_1.png,OK,70.8,18.6,73.7,512,512,,C:\Users\administrator\Desktop\sever\txData\Svtesst\resources\[tesst]\uz_AutoShot\shots\male\3\87_1.webp
88.png,OK,21.6,7.4,65.7,512,512,,C:\Users\administrator\Desktop\sever\txData\Svtesst\resources\[tesst]\uz_AutoShot\shots\male\3\88.webp
88_1.png,OK,21.4,7.1,67.0,512,512,,C:\Users\administrator\Desktop\sever\txData\Svtesst\resources\[tesst]\uz_AutoShot\shots\male\3\88_1.webp
89.png,OK,83.8,20.1,76.0,512,512,,C:\Users\administrator\Desktop\sever\txData\Svtesst\resources\[tesst]\uz_AutoShot\shots\male\3\89.webp
89_1.png,OK,85.5,21.2,75.2,512,512,,C:\Users\administrator\Desktop\sever\txData\Svtesst\resources\[tesst]\uz_AutoShot\shots\male\3\89_1.webp
9.png,OK,2.1,1.0,52.7,512,512,,C:\Users\administrator\Desktop\sever\txData\Svtesst\resources\[tesst]\uz_AutoShot\shots\male\3\9.webp
90.png,OK,23.1,8.2,64.5,512,512,,C:\Users\administrator\Desktop\sever\txData\Svtesst\resources\[tesst]\uz_AutoShot\shots\male\3\90.webp
90_1.png,OK,31.3,9.5,69.7,512,512,,C:\Users\administrator\Desktop\sever\txData\Svtesst\resources\[tesst]\uz_AutoShot\shots\male\3\90_1.webp
91.png,OK,36.1,10.7,70.3,512,512,,C:\Users\administrator\Desktop\sever\txData\Svtesst\resources\[tesst]\uz_AutoShot\shots\male\3\91.webp
91_1.png,OK,35.8,10.3,71.2,512,512,,C:\Users\administrator\Desktop\sever\txData\Svtesst\resources\[tesst]\uz_AutoShot\shots\male\3\91_1.webp
92.png,OK,45.8,12.8,72.0,512,512,,C:\Users\administrator\Desktop\sever\txData\Svtesst\resources\[tesst]\uz_AutoShot\shots\male\3\92.webp
92_1.png,OK,45.6,12.5,72.7,512,512,,C:\Users\administrator\Desktop\sever\txData\Svtesst\resources\[tesst]\uz_AutoShot\shots\male\3\92_1.webp
93.png,OK,27.4,9.1,66.7,512,512,,C:\Users\administrator\Desktop\sever\txData\Svtesst\resources\[tesst]\uz_AutoShot\shots\male\3\93.webp
93_1.png,OK,27.2,8.8,67.7,512,512,,C:\Users\administrator\Desktop\sever\txData\Svtesst\resources\[tesst]\uz_AutoShot\shots\male\3\93_1.webp
94.png,OK,78.5,14.2,81.9,512,512,,C:\Users\administrator\Desktop\sever\txData\Svtesst\resources\[tesst]\uz_AutoShot\shots\male\3\94.webp
94_1.png,OK,78.5,13.9,82.3,512,512,,C:\Users\administrator\Desktop\sever\txData\Svtesst\resources\[tesst]\uz_AutoShot\shots\male\3\94_1.webp
95.png,OK,124.5,21.2,82.9,512,512,,C:\Users\administrator\Desktop\sever\txData\Svtesst\resources\[tesst]\uz_AutoShot\shots\male\3\95.webp
95_1.png,OK,124.4,21.0,83.1,512,512,,C:\Users\administrator\Desktop\sever\txData\Svtesst\resources\[tesst]\uz_AutoShot\shots\male\3\95_1.webp
96.png,OK,25.1,6.8,73.0,512,512,,C:\Users\administrator\Desktop\sever\txData\Svtesst\resources\[tesst]\uz_AutoShot\shots\male\3\96.webp
97.png,OK,26.3,9.0,65.9,512,512,,C:\Users\administrator\Desktop\sever\txData\Svtesst\resources\[tesst]\uz_AutoShot\shots\male\3\97.webp
98.png,OK,25.9,8.8,66.1,512,512,,C:\Users\administrator\Desktop\sever\txData\Svtesst\resources\[tesst]\uz_AutoShot\shots\male\3\98.webp
98_1.png,OK,25.5,8.5,66.8,512,512,,C:\Users\administrator\Desktop\sever\txData\Svtesst\resources\[tesst]\uz_AutoShot\shots\male\3\98_1.webp
98_2.png,OK,26.7,9.1,65.9,512,512,,C:\Users\administrator\Desktop\sever\txData\Svtesst\resources\[tesst]\uz_AutoShot\shots\male\3\98_2.webp
99.png,OK,54.2,14.3,73.6,512,512,,C:\Users\administrator\Desktop\sever\txData\Svtesst\resources\[tesst]\uz_AutoShot\shots\male\3\99.webp
99_1.png,OK,54.4,14.8,72.8,512,512,,C:\Users\administrator\Desktop\sever\txData\Svtesst\resources\[tesst]\uz_AutoShot\shots\male\3\99_1.webp
99_2.png,OK,54.4,15.3,71.8,512,512,,C:\Users\administrator\Desktop\sever\txData\Svtesst\resources\[tesst]\uz_AutoShot\shots\male\3\99_2.webp
99_3.png,OK,55.5,15.8,71.5,512,512,,C:\Users\administrator\Desktop\sever\txData\Svtesst\resources\[tesst]\uz_AutoShot\shots\male\3\99_3.webp
99_4.png,OK,55.0,15.7,71.4,512,512,,C:\Users\administrator\Desktop\sever\txData\Svtesst\resources\[tesst]\uz_AutoShot\shots\male\3\99_4.webp
99_5.png,OK,55.1,15.3,72.3,512,512,,C:\Users\administrator\Desktop\sever\txData\Svtesst\resources\[tesst]\uz_AutoShot\shots\male\3\99_5.webp
99_6.png,OK,54.5,14.5,73.4,512,512,,C:\Users\administrator\Desktop\sever\txData\Svtesst\resources\[tesst]\uz_AutoShot\shots\male\3\99_6.webp
99_7.png,OK,54.5,14.4,73.6,512,512,,C:\Users\administrator\Desktop\sever\txData\Svtesst\resources\[tesst]\uz_AutoShot\shots\male\3\99_7.webp
99_8.png,OK,37.6,10.7,71.6,512,512,,C:\Users\administrator\Desktop\sever\txData\Svtesst\resources\[tesst]\uz_AutoShot\shots\male\3\99_8.webp
99_9.png,OK,53.6,14.2,73.5,512,512,,C:\Users\administrator\Desktop\sever\txData\Svtesst\resources\[tesst]\uz_AutoShot\shots\male\3\99_9.webp
